effect,assumption,dz,method,alpha,n_participants,trials_per_cell,power,n_sims
main,small,0.25,analytic_paired_t,0.05,128,,0.8,
main,small,0.25,analytic_paired_t,0.05,171,,0.9,
main,medium,0.4,analytic_paired_t,0.05,52,,0.8,
main,medium,0.4,analytic_paired_t,0.05,68,,0.9,
int,small,0.2,analytic_paired_t,0.05,199,,0.8,
int,small,0.2,analytic_paired_t,0.05,265,,0.9,
int,medium,0.3,analytic_paired_t,0.05,90,,0.8,
int,medium,0.3,analytic_paired_t,0.05,119,,0.9,
main,small,0.25,simulation_two_stage_N90,0.05,180,16.0,0.912,2000.0
main,small,0.25,simulation_two_stage_N90,0.05,170,32.0,0.9095,2000.0
main,small,0.25,simulation_two_stage_N90,0.05,170,48.0,0.912,2000.0
main,small,0.25,simulation_two_stage_N90,0.05,180,64.0,0.9155,2000.0
main,small,0.25,simulation_two_stage_N90,0.05,180,96.0,0.9165,2000.0
main,medium,0.4,simulation_two_stage_N90,0.05,80,16.0,0.9205,2000.0
main,medium,0.4,simulation_two_stage_N90,0.05,80,32.0,0.933,2000.0
main,medium,0.4,simulation_two_stage_N90,0.05,80,48.0,0.941,2000.0
main,medium,0.4,simulation_two_stage_N90,0.05,70,64.0,0.914,2000.0
main,medium,0.4,simulation_two_stage_N90,0.05,70,96.0,0.9195,2000.0
int,small,0.2,simulation_two_stage_N90,0.05,290,16.0,0.907,2000.0
int,small,0.2,simulation_two_stage_N90,0.05,280,32.0,0.9275,2000.0
int,small,0.2,simulation_two_stage_N90,0.05,260,48.0,0.901,2000.0
int,small,0.2,simulation_two_stage_N90,0.05,280,64.0,0.9275,2000.0
int,small,0.2,simulation_two_stage_N90,0.05,260,96.0,0.9095,2000.0
int,medium,0.3,simulation_two_stage_N90,0.05,140,16.0,0.908,2000.0
int,medium,0.3,simulation_two_stage_N90,0.05,130,32.0,0.904,2000.0
int,medium,0.3,simulation_two_stage_N90,0.05,130,48.0,0.9195,2000.0
int,medium,0.3,simulation_two_stage_N90,0.05,120,64.0,0.9035,2000.0
int,medium,0.3,simulation_two_stage_N90,0.05,120,96.0,0.905,2000.0
main,small,0.25,simulation_two_stage,0.05,20,64.0,0.1835,2000.0
main,small,0.25,simulation_two_stage,0.05,30,64.0,0.259,2000.0
main,small,0.25,simulation_two_stage,0.05,40,64.0,0.3325,2000.0
main,small,0.25,simulation_two_stage,0.05,50,64.0,0.414,2000.0
main,small,0.25,simulation_two_stage,0.05,60,64.0,0.515,2000.0
main,small,0.25,simulation_two_stage,0.05,70,64.0,0.543,2000.0
main,small,0.25,simulation_two_stage,0.05,80,64.0,0.5965,2000.0
main,small,0.25,simulation_two_stage,0.05,90,64.0,0.6535,2000.0
main,small,0.25,simulation_two_stage,0.05,100,64.0,0.694,2000.0
main,small,0.25,simulation_two_stage,0.05,110,64.0,0.7305,2000.0
main,small,0.25,simulation_two_stage,0.05,120,64.0,0.7665,2000.0
main,small,0.25,simulation_two_stage,0.05,130,64.0,0.794,2000.0
main,small,0.25,simulation_two_stage,0.05,140,64.0,0.8405,2000.0
main,small,0.25,simulation_two_stage,0.05,150,64.0,0.8545,2000.0
main,small,0.25,simulation_two_stage,0.05,160,64.0,0.8715,2000.0
main,small,0.25,simulation_two_stage,0.05,170,64.0,0.8965,2000.0
main,small,0.25,simulation_two_stage,0.05,180,64.0,0.9155,2000.0
main,small,0.25,simulation_two_stage,0.05,190,64.0,0.926,2000.0
main,small,0.25,simulation_two_stage,0.05,200,64.0,0.947,2000.0
main,small,0.25,simulation_two_stage,0.05,210,64.0,0.9525,2000.0
main,small,0.25,simulation_two_stage,0.05,220,64.0,0.9595,2000.0
main,small,0.25,simulation_two_stage,0.05,230,64.0,0.965,2000.0
main,small,0.25,simulation_two_stage,0.05,240,64.0,0.9765,2000.0
main,medium,0.4,simulation_two_stage,0.05,20,64.0,0.384,2000.0
main,medium,0.4,simulation_two_stage,0.05,30,64.0,0.5685,2000.0
main,medium,0.4,simulation_two_stage,0.05,40,64.0,0.688,2000.0
main,medium,0.4,simulation_two_stage,0.05,50,64.0,0.794,2000.0
main,medium,0.4,simulation_two_stage,0.05,60,64.0,0.87,2000.0
main,medium,0.4,simulation_two_stage,0.05,70,64.0,0.914,2000.0
main,medium,0.4,simulation_two_stage,0.05,80,64.0,0.9395,2000.0
main,medium,0.4,simulation_two_stage,0.05,90,64.0,0.966,2000.0
main,medium,0.4,simulation_two_stage,0.05,100,64.0,0.976,2000.0
int,small,0.2,simulation_two_stage,0.05,20,64.0,0.1375,2000.0
int,small,0.2,simulation_two_stage,0.05,30,64.0,0.1745,2000.0
int,small,0.2,simulation_two_stage,0.05,40,64.0,0.2405,2000.0
int,small,0.2,simulation_two_stage,0.05,50,64.0,0.2695,2000.0
int,small,0.2,simulation_two_stage,0.05,60,64.0,0.333,2000.0
int,small,0.2,simulation_two_stage,0.05,70,64.0,0.38,2000.0
int,small,0.2,simulation_two_stage,0.05,80,64.0,0.441,2000.0
int,small,0.2,simulation_two_stage,0.05,90,64.0,0.4715,2000.0
int,small,0.2,simulation_two_stage,0.05,100,64.0,0.5205,2000.0
int,small,0.2,simulation_two_stage,0.05,110,64.0,0.541,2000.0
int,small,0.2,simulation_two_stage,0.05,120,64.0,0.606,2000.0
int,small,0.2,simulation_two_stage,0.05,130,64.0,0.6195,2000.0
int,small,0.2,simulation_two_stage,0.05,140,64.0,0.6625,2000.0
int,small,0.2,simulation_two_stage,0.05,150,64.0,0.6925,2000.0
int,small,0.2,simulation_two_stage,0.05,160,64.0,0.715,2000.0
int,small,0.2,simulation_two_stage,0.05,170,64.0,0.7505,2000.0
int,small,0.2,simulation_two_stage,0.05,180,64.0,0.7565,2000.0
int,small,0.2,simulation_two_stage,0.05,190,64.0,0.79,2000.0
int,small,0.2,simulation_two_stage,0.05,200,64.0,0.804,2000.0
int,small,0.2,simulation_two_stage,0.05,210,64.0,0.829,2000.0
int,small,0.2,simulation_two_stage,0.05,220,64.0,0.8365,2000.0
int,small,0.2,simulation_two_stage,0.05,230,64.0,0.8575,2000.0
int,small,0.2,simulation_two_stage,0.05,240,64.0,0.8635,2000.0
int,small,0.2,simulation_two_stage,0.05,250,64.0,0.8895,2000.0
int,small,0.2,simulation_two_stage,0.05,260,64.0,0.8885,2000.0
int,small,0.2,simulation_two_stage,0.05,270,64.0,0.8945,2000.0
int,small,0.2,simulation_two_stage,0.05,280,64.0,0.9275,2000.0
int,small,0.2,simulation_two_stage,0.05,290,64.0,0.921,2000.0
int,small,0.2,simulation_two_stage,0.05,300,64.0,0.9275,2000.0
int,small,0.2,simulation_two_stage,0.05,310,64.0,0.9415,2000.0
int,small,0.2,simulation_two_stage,0.05,320,64.0,0.9515,2000.0
int,small,0.2,simulation_two_stage,0.05,330,64.0,0.944,2000.0
int,small,0.2,simulation_two_stage,0.05,340,64.0,0.959,2000.0
int,small,0.2,simulation_two_stage,0.05,350,64.0,0.9605,2000.0
int,small,0.2,simulation_two_stage,0.05,360,64.0,0.957,2000.0
int,medium,0.3,simulation_two_stage,0.05,20,64.0,0.2415,2000.0
int,medium,0.3,simulation_two_stage,0.05,30,64.0,0.3545,2000.0
int,medium,0.3,simulation_two_stage,0.05,40,64.0,0.4695,2000.0
int,medium,0.3,simulation_two_stage,0.05,50,64.0,0.558,2000.0
int,medium,0.3,simulation_two_stage,0.05,60,64.0,0.626,2000.0
int,medium,0.3,simulation_two_stage,0.05,70,64.0,0.702,2000.0
int,medium,0.3,simulation_two_stage,0.05,80,64.0,0.744,2000.0
int,medium,0.3,simulation_two_stage,0.05,90,64.0,0.802,2000.0
int,medium,0.3,simulation_two_stage,0.05,100,64.0,0.848,2000.0
int,medium,0.3,simulation_two_stage,0.05,110,64.0,0.879,2000.0
int,medium,0.3,simulation_two_stage,0.05,120,64.0,0.9035,2000.0
int,medium,0.3,simulation_two_stage,0.05,130,64.0,0.918,2000.0
int,medium,0.3,simulation_two_stage,0.05,140,64.0,0.9415,2000.0
int,medium,0.3,simulation_two_stage,0.05,150,64.0,0.961,2000.0
int,medium,0.3,simulation_two_stage,0.05,160,64.0,0.965,2000.0
int,medium,0.3,simulation_two_stage,0.05,170,64.0,0.9685,2000.0
int,medium,0.3,simulation_two_stage,0.05,180,64.0,0.976,2000.0
main,small,0.25,simulation_mixed_model,0.05,150,64.0,0.88,200.0
main,medium,0.4,simulation_mixed_model,0.05,60,64.0,0.87,200.0
int,small,0.2,simulation_mixed_model,0.05,230,64.0,0.875,200.0
int,medium,0.3,simulation_mixed_model,0.05,100,64.0,0.82,200.0
main,small,0.25,simulation_mixed_model,0.05,170,64.0,0.925,200.0
main,medium,0.4,simulation_mixed_model,0.05,70,64.0,0.91,200.0
int,small,0.2,simulation_mixed_model,0.05,265,64.0,0.91,200.0
int,medium,0.3,simulation_mixed_model,0.05,120,64.0,0.89,200.0
main,small,0.25,simulation_mixed_model,0.05,130,32.0,0.85,200.0
main,medium,0.4,simulation_mixed_model,0.05,50,32.0,0.815,200.0
int,small,0.2,simulation_mixed_model,0.05,190,32.0,0.735,200.0
int,medium,0.3,simulation_mixed_model,0.05,80,32.0,0.785,200.0
main,small,0.25,simulation_mixed_model,0.05,100,32.0,0.795,200.0
main,medium,0.4,simulation_mixed_model,0.05,40,32.0,0.76,200.0
int,small,0.2,simulation_mixed_model,0.05,150,32.0,0.655,200.0
int,medium,0.3,simulation_mixed_model,0.05,60,32.0,0.61,200.0
main,small,0.25,simulation_mixed_model,0.05,150,32.0,0.915,200.0
main,medium,0.4,simulation_mixed_model,0.05,60,32.0,0.87,200.0
int,small,0.2,simulation_mixed_model,0.05,230,32.0,0.875,200.0
int,medium,0.3,simulation_mixed_model,0.05,100,32.0,0.78,200.0
main,small,0.25,simulation_mixed_model,0.05,170,32.0,0.935,200.0
main,medium,0.4,simulation_mixed_model,0.05,70,32.0,0.94,200.0
int,small,0.2,simulation_mixed_model,0.05,265,32.0,0.895,200.0
int,medium,0.3,simulation_mixed_model,0.05,120,32.0,0.89,200.0
main,small,0.25,simulation_mixed_model,0.05,130,64.0,0.8,200.0
main,medium,0.4,simulation_mixed_model,0.05,50,64.0,0.82,200.0
int,small,0.2,simulation_mixed_model,0.05,190,64.0,0.8,200.0
int,medium,0.3,simulation_mixed_model,0.05,80,64.0,0.75,200.0
main,small,0.25,simulation_mixed_model,0.05,100,64.0,0.735,200.0
main,medium,0.4,simulation_mixed_model,0.05,40,64.0,0.745,200.0
int,small,0.2,simulation_mixed_model,0.05,150,64.0,0.665,200.0
int,medium,0.3,simulation_mixed_model,0.05,60,64.0,0.685,200.0
main,small,0.25,simulation_mixed_model,0.05,190,32.0,0.94,200.0
main,medium,0.4,simulation_mixed_model,0.05,80,32.0,0.955,200.0
int,small,0.2,simulation_mixed_model,0.05,300,32.0,0.905,200.0
int,medium,0.3,simulation_mixed_model,0.05,140,32.0,0.955,200.0
main,small,0.25,simulation_mixed_model,0.05,190,64.0,0.94,200.0
main,medium,0.4,simulation_mixed_model,0.05,80,64.0,0.94,200.0
int,small,0.2,simulation_mixed_model,0.05,300,64.0,0.945,200.0
int,medium,0.3,simulation_mixed_model,0.05,140,64.0,0.955,200.0
main,small,0.25,simulation_mixed_model,0.05,220,64.0,0.955,200.0
main,medium,0.4,simulation_mixed_model,0.05,100,64.0,0.99,200.0
int,small,0.2,simulation_mixed_model,0.05,340,64.0,0.98,200.0
int,medium,0.3,simulation_mixed_model,0.05,170,64.0,0.99,200.0
main,small,0.25,simulation_mixed_model,0.05,220,32.0,0.96,200.0
main,medium,0.4,simulation_mixed_model,0.05,100,32.0,0.975,200.0
int,small,0.2,simulation_mixed_model,0.05,340,32.0,0.97,200.0
int,medium,0.3,simulation_mixed_model,0.05,170,32.0,0.96,200.0
main,equivalence_bound_dz0.25,0.25,analytic_TOST_paired,0.05,176,,0.9,
main,equivalence_bound_dz0.3,0.3,analytic_TOST_paired,0.05,123,,0.9,
main,equivalence_bound_dz0.35,0.35,analytic_TOST_paired,0.05,91,,0.9,
main_or_int,minimum_detectable_dz_at_N68,0.399,analytic_paired_t_MDES,0.05,68,,0.9,
main,TOST_power_at_N68_bound_dz0.30,0.3,analytic_TOST_paired,0.05,68,,0.577,
main_or_int,minimum_detectable_dz_at_N120,0.298,analytic_paired_t_MDES,0.05,120,,0.9,
main,TOST_power_at_N120_bound_dz0.30,0.3,analytic_TOST_paired,0.05,120,,0.894,
main_or_int,minimum_detectable_dz_at_N150,0.266,analytic_paired_t_MDES,0.05,150,,0.9,
main,TOST_power_at_N150_bound_dz0.30,0.3,analytic_TOST_paired,0.05,150,,0.955,
