theory_id,theory,row_class,origin,domain_id,domain,code,polarity,relation,claim_text,source_label,source_doi,source_locus,evidence_status,confidence,provisional,flag_for_adjudication,adjudication_reason
AST,AST,trial-level,submitted-v1,M1,number of simultaneously competing action policies,NOT_LOCATED,,,"I searched the cited available formulation for a dependence of conscious access or experience on the number of simultaneously competing action policies. I did not locate such a statement there; this is a corpus-limited absence, not a null prediction.",Webb & Graziano 2015,10.3389/fpsyg.2015.00500,"Sections on attention schema, internal awareness, and neural implementation",full-text,2,False,False,
AST,AST,trial-level,submitted-v1,M2,incompatibility of the competing policies,NOT_LOCATED,,,"I searched the cited available formulation for a dependence of access or experience on incompatibility between concurrently active action policies. I did not locate such a statement there; this is a corpus-limited absence, not a null prediction.",Webb & Graziano 2015,10.3389/fpsyg.2015.00500,"Sections on attention schema, internal awareness, and neural implementation",full-text,2,False,False,
AST,AST,trial-level,submitted-v1,M3,valence,INTERPRETED,positive,modulation,"The attention schema models attention to internal states, including emotions. Inferring that affective salience changes awareness through its effect on attention supplies a valence–access bridge that is not itself stated as a valence prediction.",Webb & Graziano 2015,10.3389/fpsyg.2015.00500,"Internal versus external awareness, paragraphs discussing emotions (local paras. 71–75)",full-text,1,False,True,Emotional salience and valence are not interchangeable; adjudicate the inferential bridge.
AST,AST,trial-level,submitted-v1,M5,organism-wide cortical–autonomic coherence,NOT_LOCATED,,,"I searched the cited available formulation for a measurable relationship between access and cortical–autonomic coupling across channels. I did not locate such a statement there; this is a corpus-limited absence, not a null prediction.",Webb & Graziano 2015,10.3389/fpsyg.2015.00500,"Sections on attention schema, internal awareness, and neural implementation",full-text,2,False,False,
AST,AST,trial-level,submitted-v1,M6,dimensionality of phenomenal structure,NOT_LOCATED,,,"I searched the cited available formulation for a quantified number of independent phenomenal dimensions or distinguishable experiential states. I did not locate such a statement there; this is a corpus-limited absence, not a null prediction.",Webb & Graziano 2015,10.3389/fpsyg.2015.00500,"Sections on attention schema, internal awareness, and neural implementation",full-text,2,False,False,
AST,AST,trial-level,submitted-v1,M7,metacognitive sensitivity,INTERPRETED,positive,effect,Awareness reports depend on the content of a schematic self-model of attention. Inferring that degradation or misalignment of that model changes reported awareness extends the mechanism to metarepresentational reliability; there is no meta-d-prime prediction.,Webb & Graziano 2015,10.3389/fpsyg.2015.00500,Attention schema accuracy and dissociation of attention from awareness,full-text,1,False,True,Schema completeness and metacognitive precision may be distinct quantities.
AST,AST,trial-level,submitted-v1,M8,cortical signature of access,EXPLICIT,positive,marker,"The cortical regions used to attribute awareness to others, especially temporoparietal junction, are also implicated in own visual awareness; perturbing a selected site changes visual detection. This is a localized involvement claim, not a claim that TPJ alone suffices.",Kelly et al. 2014,10.1073/pnas.1401201111,Results: TMS manipulation of own visual awareness; Discussion,full-text,3,False,False,
AST,AST,trial-level,added-in-revision,M4a,access to interoceptive content as content,INTERPRETED,positive,constitution,"The same schema is proposed for attention to internal and external contents. Applying it to attended visceral sensations would yield bodily awareness, but named visceral afferents are not specified in this passage.",Webb & Graziano 2015,10.3389/fpsyg.2015.00500,Internal versus external awareness (local paras. 71–75),full-text,1,False,True,General internal attention is extended to visceral content; no direct interoceptive statement located.
AST,AST,trial-level,added-in-revision,M4b,visceral modulation of access to exteroceptive content,NOT_LOCATED,,,"I searched the cited available formulation for visceral state or phase modulating access to external sensory content. I did not locate such a statement there; this is a corpus-limited absence, not a null prediction.",Webb & Graziano 2015,10.3389/fpsyg.2015.00500,"Sections on attention schema, internal awareness, and neural implementation",full-text,2,False,False,
AST,AST,trial-level,added-in-revision,M4c,conscious involvement in purely autonomic conflict,NOT_LOCATED,,,"I searched the cited available formulation for a defined autonomic conflict with skeletal action plans expressly excluded. I did not locate such a statement there; this is a corpus-limited absence, not a null prediction.",Webb & Graziano 2015,10.3389/fpsyg.2015.00500,"Sections on attention schema, internal awareness, and neural implementation",full-text,2,False,False,
FM,Feinberg & Mallatt,origin-level,submitted-v1,M1,number of simultaneously competing action policies,NOT_LOCATED,,,"I searched the cited available formulation for a dependence of conscious access or experience on the number of simultaneously competing action policies. I did not locate such a statement there; this is a corpus-limited absence, not a null prediction.",Feinberg & Mallatt 2020,10.3389/fpsyg.2020.01041,Basic consciousness; special neurobiological features; affective consciousness,full-text,2,False,False,
FM,Feinberg & Mallatt,origin-level,submitted-v1,M2,incompatibility of the competing policies,NOT_LOCATED,,,"I searched the cited available formulation for a dependence of access or experience on incompatibility between concurrently active action policies. I did not locate such a statement there; this is a corpus-limited absence, not a null prediction.",Feinberg & Mallatt 2020,10.3389/fpsyg.2020.01041,Basic consciousness; special neurobiological features; affective consciousness,full-text,2,False,False,
FM,Feinberg & Mallatt,origin-level,submitted-v1,M3,valence,EXPLICIT,positive,constitution,"Positive and negative affective feelings constitute a basic category of consciousness in this account, linked to valuation and learning.",Feinberg & Mallatt 2020,10.3389/fpsyg.2020.01041,Affective consciousness / evaluative learning (local para. 61),full-text,3,False,False,
FM,Feinberg & Mallatt,origin-level,submitted-v1,M5,organism-wide cortical–autonomic coherence,NOT_LOCATED,,,"I searched the cited available formulation for a measurable relationship between access and cortical–autonomic coupling across channels. I did not locate such a statement there; this is a corpus-limited absence, not a null prediction.",Feinberg & Mallatt 2020,10.3389/fpsyg.2020.01041,Basic consciousness; special neurobiological features; affective consciousness,full-text,2,False,False,
FM,Feinberg & Mallatt,origin-level,submitted-v1,M6,dimensionality of phenomenal structure,INTERPRETED,positive,constitution,"Mapped sensory representations preserve structured spatial relationships. Interpreting their independent spatial coordinates as dimensions of experience supplies a bridge to M6, but does not establish the dimensionality of the complete phenomenal space.",Feinberg & Mallatt 2020,10.3389/fpsyg.2020.01041,Mapped image-based consciousness,full-text,1,False,True,Spatial map dimensions are not a complete quantified phenomenal space.
FM,Feinberg & Mallatt,origin-level,submitted-v1,M7,metacognitive sensitivity,NOT_APPLICABLE,,,"The scope says “only consider basic, phenomenal consciousness” and “not any higher types like reflective consciousness”. I read this as delimiting the target of explanation, not denying that metacognition can occur.",Feinberg & Mallatt 2020,10.3389/fpsyg.2020.01041,"Introduction / scope, local para. 16",full-text,2,False,True,Adjudicate whether exclusion of higher-order cognition warrants NOT_APPLICABLE for its possible relation to basic experience.
FM,Feinberg & Mallatt,origin-level,submitted-v1,M8,cortical signature of access,EXPLICIT,stated_null,necessity,"The comparative account does not require a developed cerebral cortex or pallium for primary experience; it proposes a brain organization spanning forebrain, midbrain and hindbrain. This does not deny cortical involvement in adult human experience.",Feinberg & Mallatt 2013,10.3389/fpsyg.2013.00667,Abstract and concluding neuroanatomical requirements,full-text,3,False,False,
FM,Feinberg & Mallatt,origin-level,added-in-revision,M4a,access to interoceptive content as content,EXPLICIT,positive,constitution,"Interoceptive and bodily feelings, including pain and homeostatic experience, belong to primary consciousness; mapped representations include internal bodily signals.",Feinberg & Mallatt 2013,10.3389/fpsyg.2013.00667,"Sections on primary consciousness, sensory maps and affect; interoception/insula (local paras. 63–67)",full-text,3,False,False,
FM,Feinberg & Mallatt,origin-level,added-in-revision,M4b,visceral modulation of access to exteroceptive content,NOT_LOCATED,,,"I searched the cited available formulation for visceral state or phase modulating access to external sensory content. I did not locate such a statement there; this is a corpus-limited absence, not a null prediction.",Feinberg & Mallatt 2020,10.3389/fpsyg.2020.01041,Basic consciousness; special neurobiological features; affective consciousness,full-text,2,False,False,
FM,Feinberg & Mallatt,origin-level,added-in-revision,M4c,conscious involvement in purely autonomic conflict,NOT_LOCATED,,,"I searched the cited available formulation for a defined autonomic conflict with skeletal action plans expressly excluded. I did not locate such a statement there; this is a corpus-limited absence, not a null prediction.",Feinberg & Mallatt 2020,10.3389/fpsyg.2020.01041,Basic consciousness; special neurobiological features; affective consciousness,full-text,2,False,False,
GNWT,GNWT,trial-level,submitted-v1,M1,number of simultaneously competing action policies,NOT_LOCATED,,,"I searched the cited available formulation for a dependence of conscious access or experience on the number of simultaneously competing action policies. I did not locate such a statement there; this is a corpus-limited absence, not a null prediction.",Mashour et al. 2020,10.1016/j.neuron.2020.01.026,GNW model; signatures; self-monitoring discussion,full-text,2,False,False,
GNWT,GNWT,trial-level,submitted-v1,M2,incompatibility of the competing policies,INTERPRETED,positive,effect,"The Stroop workspace model recruits distributed processing for effortful nonroutine control. Inferring that incompatible response policies promote workspace recruitment links response conflict to access, although conflict degree is not a stated access variable.",Mashour et al. 2020,10.1016/j.neuron.2020.01.026,"GNW model applied to Stroop, local para. 41",full-text,1,False,True,Workspace recruitment for control is not necessarily variation in conscious experience.
GNWT,GNWT,trial-level,submitted-v1,M3,valence,NOT_LOCATED,,,"I searched the cited available formulation for valence-dependent access or a constitutive role for affective sign or magnitude in experience. I did not locate such a statement there; this is a corpus-limited absence, not a null prediction.",Mashour et al. 2020,10.1016/j.neuron.2020.01.026,GNW model; signatures; self-monitoring discussion,full-text,2,False,False,
GNWT,GNWT,trial-level,submitted-v1,M5,organism-wide cortical–autonomic coherence,NOT_LOCATED,,,"I searched the cited available formulation for a measurable relationship between access and cortical–autonomic coupling across channels. I did not locate such a statement there; this is a corpus-limited absence, not a null prediction.",Mashour et al. 2020,10.1016/j.neuron.2020.01.026,GNW model; signatures; self-monitoring discussion,full-text,2,False,False,
GNWT,GNWT,trial-level,submitted-v1,M6,dimensionality of phenomenal structure,NOT_LOCATED,,,"I searched the cited available formulation for a quantified number of independent phenomenal dimensions or distinguishable experiential states. I did not locate such a statement there; this is a corpus-limited absence, not a null prediction.",Mashour et al. 2020,10.1016/j.neuron.2020.01.026,GNW model; signatures; self-monitoring discussion,full-text,2,False,False,
GNWT,GNWT,trial-level,submitted-v1,M7,metacognitive sensitivity,INTERPRETED,positive,effect,"Conscious self-monitoring compares an internal representation of a computation with ongoing processing. A less reliable internal representation should change self-monitoring reports, but the text does not give a dependence of general access on calibrated higher-order precision.",Mashour et al. 2020,10.1016/j.neuron.2020.01.026,"Self-monitoring discussion, local paras. 124–129",full-text,1,False,True,Self-monitoring extension is weaker than a general metacognitive-precision prediction.
GNWT,GNWT,trial-level,submitted-v1,M8,cortical signature of access,EXPLICIT,positive,marker,"Preregistered GNWT predictions require prefrontal involvement and transient ignition related to conscious stimulus onset and offset, with an intervening activity-silent representation in this task.",Cogitate Consortium et al. 2025,10.1038/s41586-025-08888-1,Fig. 1 and preregistered neural predictions,full-text,3,False,False,
GNWT,GNWT,trial-level,added-in-revision,M4a,access to interoceptive content as content,INTERPRETED,positive,constitution,"Global broadcasting can make internally represented information available to the same workspace as perceptual information. Extending that mechanism to visceral representations predicts possible interoceptive content, but this passage does not identify a visceral test.",Mashour et al. 2020,10.1016/j.neuron.2020.01.026,"Self-monitoring and internal contents, local paras. 124–129",full-text,1,False,True,Mechanistic extension from internal contents to visceral afferents.
GNWT,GNWT,trial-level,added-in-revision,M4b,visceral modulation of access to exteroceptive content,NOT_LOCATED,,,"I searched the cited available formulation for visceral state or phase modulating access to external sensory content. I did not locate such a statement there; this is a corpus-limited absence, not a null prediction.",Mashour et al. 2020,10.1016/j.neuron.2020.01.026,GNW model; signatures; self-monitoring discussion,full-text,2,False,False,
GNWT,GNWT,trial-level,added-in-revision,M4c,conscious involvement in purely autonomic conflict,NOT_LOCATED,,,"I searched the cited available formulation for a defined autonomic conflict with skeletal action plans expressly excluded. I did not locate such a statement there; this is a corpus-limited absence, not a null prediction.",Mashour et al. 2020,10.1016/j.neuron.2020.01.026,GNW model; signatures; self-monitoring discussion,full-text,2,False,False,
HOT,Higher-order theory (HOT / HOROR),trial-level,submitted-v1,M1,number of simultaneously competing action policies,NOT_LOCATED,,,"I searched the cited available formulation for a dependence of conscious access or experience on the number of simultaneously competing action policies. I did not locate such a statement there; this is a corpus-limited absence, not a null prediction.",LeDoux & Brown 2017,10.1073/pnas.1619316114,Higher-order theory; emotional consciousness; HOROR; conclusions,full-text,2,False,False,
HOT,Higher-order theory (HOT / HOROR),trial-level,submitted-v1,M2,incompatibility of the competing policies,NOT_LOCATED,,,"I searched the cited available formulation for a dependence of access or experience on incompatibility between concurrently active action policies. I did not locate such a statement there; this is a corpus-limited absence, not a null prediction.",LeDoux & Brown 2017,10.1073/pnas.1619316114,Higher-order theory; emotional consciousness; HOROR; conclusions,full-text,2,False,False,
HOT,Higher-order theory (HOT / HOROR),trial-level,submitted-v1,M3,valence,EXPLICIT,positive,constitution,"Conscious emotional feelings, including fear, are constructed by higher-order cortical representations, using the general machinery of perceptual consciousness together with emotion-specific inputs.",LeDoux & Brown 2017,10.1073/pnas.1619316114,"Emotional consciousness and HOROR; local paras. 37–39, 105–106",full-text,3,False,False,
HOT,Higher-order theory (HOT / HOROR),trial-level,submitted-v1,M5,organism-wide cortical–autonomic coherence,NOT_LOCATED,,,"I searched the cited available formulation for a measurable relationship between access and cortical–autonomic coupling across channels. I did not locate such a statement there; this is a corpus-limited absence, not a null prediction.",LeDoux & Brown 2017,10.1073/pnas.1619316114,Higher-order theory; emotional consciousness; HOROR; conclusions,full-text,2,False,False,
HOT,Higher-order theory (HOT / HOROR),trial-level,submitted-v1,M6,dimensionality of phenomenal structure,NOT_LOCATED,,,"I searched the cited available formulation for a quantified number of independent phenomenal dimensions or distinguishable experiential states. I did not locate such a statement there; this is a corpus-limited absence, not a null prediction.",LeDoux & Brown 2017,10.1073/pnas.1619316114,Higher-order theory; emotional consciousness; HOROR; conclusions,full-text,2,False,False,
HOT,Higher-order theory (HOT / HOROR),trial-level,submitted-v1,M7,metacognitive sensitivity,NOT_LOCATED,,,I did not locate a precision or calibration requirement in the cited full-text HOROR formulation. Representing a lower-order state at a higher order is not by itself a claim that meta-d-prime or confidence accuracy indexes consciousness.,LeDoux & Brown 2017,10.1073/pnas.1619316114,Higher-order representation and HOROR; review of perceptual/emotional consciousness,full-text,2,False,False,
HOT,Higher-order theory (HOT / HOROR),trial-level,submitted-v1,M8,cortical signature of access,EXPLICIT,positive,necessity,"The account requires cortical higher-order machinery for conscious feelings, naming prefrontal/parietal and related cortical systems; subcortical defensive circuits alone are not the conscious feeling.",LeDoux & Brown 2017,10.1073/pnas.1619316114,"General networks of cognition, local para. 72; HOROR; concluding claims",full-text,3,False,False,
HOT,Higher-order theory (HOT / HOROR),trial-level,added-in-revision,M4a,access to interoceptive content as content,INTERPRETED,positive,constitution,Nonconscious body-sensing signals can enter the higher-order construction of feelings. Extending this account from emotional feeling to explicit awareness of a particular visceral afferent is a mechanistic inference.,LeDoux & Brown 2017,10.1073/pnas.1619316114,"Body-sensing inputs and higher-order assembly, local paras. 75–77, 106",full-text,2,False,False,
HOT,Higher-order theory (HOT / HOROR),trial-level,added-in-revision,M4b,visceral modulation of access to exteroceptive content,INTERPRETED,positive,modulation,"Physiological responses feed back into cortical processing supporting conscious emotional experience. A resulting modulation of externally directed conscious perception is plausible through shared cortical machinery, but is not explicitly demonstrated here.",LeDoux & Brown 2017,10.1073/pnas.1619316114,"HOROR, arousal and feedback, local para. 113",full-text,1,False,True,The source addresses emotional processing more directly than exteroceptive access.
HOT,Higher-order theory (HOT / HOROR),trial-level,added-in-revision,M4c,conscious involvement in purely autonomic conflict,NOT_LOCATED,,,"I searched the cited available formulation for a defined autonomic conflict with skeletal action plans expressly excluded. I did not locate such a statement there; this is a corpus-limited absence, not a null prediction.",LeDoux & Brown 2017,10.1073/pnas.1619316114,Higher-order theory; emotional consciousness; HOROR; conclusions,full-text,2,False,False,
HOSS,Higher-order state space (HOSS),trial-level,submitted-v1,M1,number of simultaneously competing action policies,NOT_LOCATED,,,"I searched the cited available formulation for a dependence of conscious access or experience on the number of simultaneously competing action policies. I did not locate such a statement there; this is a corpus-limited absence, not a null prediction.",Fleming 2020,10.1093/nc/niz020,Higher-order state-space model; predictions; discussion,full-text,2,False,False,
HOSS,Higher-order state space (HOSS),trial-level,submitted-v1,M2,incompatibility of the competing policies,NOT_LOCATED,,,"I searched the cited available formulation for a dependence of access or experience on incompatibility between concurrently active action policies. I did not locate such a statement there; this is a corpus-limited absence, not a null prediction.",Fleming 2020,10.1093/nc/niz020,Higher-order state-space model; predictions; discussion,full-text,2,False,False,
HOSS,Higher-order state space (HOSS),trial-level,submitted-v1,M3,valence,NOT_LOCATED,,,"I searched the cited available formulation for valence-dependent access or a constitutive role for affective sign or magnitude in experience. I did not locate such a statement there; this is a corpus-limited absence, not a null prediction.",Fleming 2020,10.1093/nc/niz020,Higher-order state-space model; predictions; discussion,full-text,2,False,False,
HOSS,Higher-order state space (HOSS),trial-level,submitted-v1,M5,organism-wide cortical–autonomic coherence,NOT_LOCATED,,,"I searched the cited available formulation for a measurable relationship between access and cortical–autonomic coupling across channels. I did not locate such a statement there; this is a corpus-limited absence, not a null prediction.",Fleming 2020,10.1093/nc/niz020,Higher-order state-space model; predictions; discussion,full-text,2,False,False,
HOSS,Higher-order state space (HOSS),trial-level,submitted-v1,M6,dimensionality of phenomenal structure,INTERPRETED,positive,constitution,A low-dimensional higher-order present/absent variable organizes a richer lower-order content space. Treating this as a contribution to phenomenal dimensionality requires an extra mapping from the model coordinates to independent experiential dimensions.,Fleming 2020,10.1093/nc/niz020,"Model architecture, Fig. 1 and discussion of content versus awareness",full-text,1,False,True,Model dimensionality need not be phenomenal dimensionality.
HOSS,Higher-order state space (HOSS),trial-level,submitted-v1,M7,metacognitive sensitivity,INTERPRETED,positive,effect,"Higher-order inference determines awareness judgments, and the accompanying second-order framework models the reliability of self-evaluation. Inferring that noise in the awareness readout changes awareness reports is warranted, but sensory precision in HOSS is not itself metarepresentational precision.",Fleming 2020; Fleming & Daw 2017,10.1093/nc/niz020;10.1037/rev0000045,HOSS model/discussion; second-order metacognition model in Fleming & Daw 2017,full-text,2,False,True,"Keep sensory noise, higher-order readout noise and confidence calibration separate."
HOSS,Higher-order state space (HOSS),trial-level,submitted-v1,M8,cortical signature of access,EXPLICIT,positive,marker,The model predicts an asymmetric prefrontal response for present versus absent awareness states and a nonlinear ignition-like response. Timing is not specified at a fine neural scale.,Fleming 2020,10.1093/nc/niz020,"Empirical predictions, local paras. 39–42",full-text,3,False,False,
HOSS,Higher-order state space (HOSS),trial-level,added-in-revision,M4a,access to interoceptive content as content,INTERPRETED,positive,constitution,"The model allows proprioceptive/interoceptive information to inform awareness inferences. Treating visceral signals as the target of the same higher-order present/absent inference, rather than as contextual cues, extends the model beyond its illustrated visual case.",Fleming 2020,10.1093/nc/niz020,"Expected precision and awareness, local paras. 45–47",full-text,1,False,True,Bodily evidence used as a cue does not automatically establish bodily content.
HOSS,Higher-order state space (HOSS),trial-level,added-in-revision,M4b,visceral modulation of access to exteroceptive content,INTERPRETED,positive,modulation,"Bodily information may inform expected sensory precision in the higher-order awareness inference. Extending this contextual mechanism to a measured visceral state predicts modulation of external awareness, without a specified cardiac or respiratory test.",Fleming 2020,10.1093/nc/niz020,"Expected precision and awareness, local paras. 45–47",full-text,1,False,True,Named bodily cues are broader than an empirically specified visceral modulator.
HOSS,Higher-order state space (HOSS),trial-level,added-in-revision,M4c,conscious involvement in purely autonomic conflict,NOT_LOCATED,,,"I searched the cited available formulation for a defined autonomic conflict with skeletal action plans expressly excluded. I did not locate such a statement there; this is a corpus-limited absence, not a null prediction.",Fleming 2020,10.1093/nc/niz020,Higher-order state-space model; predictions; discussion,full-text,2,False,False,
IIT,IIT (3.0/4.0),trial-level,submitted-v1,M1,number of simultaneously competing action policies,NOT_LOCATED,,,"I searched the cited available formulation for a dependence of conscious access or experience on the number of simultaneously competing action policies. I did not locate such a statement there; this is a corpus-limited absence, not a null prediction.",Albantakis et al. 2023,10.1371/journal.pcbi.1011465,Axioms; postulates; cause-effect structures; discussion,full-text,2,False,False,
IIT,IIT (3.0/4.0),trial-level,submitted-v1,M2,incompatibility of the competing policies,NOT_LOCATED,,,"I searched the cited available formulation for a dependence of access or experience on incompatibility between concurrently active action policies. I did not locate such a statement there; this is a corpus-limited absence, not a null prediction.",Albantakis et al. 2023,10.1371/journal.pcbi.1011465,Axioms; postulates; cause-effect structures; discussion,full-text,2,False,False,
IIT,IIT (3.0/4.0),trial-level,submitted-v1,M3,valence,UNRESOLVED,,,"IIT 4.0 treats affect as a possible but nonessential feature of experience. One reading supports a stated non-necessity of valence; another says M3 requires a claim about affective sign/access or a constitutive dimension, not merely optional mood. I do not turn optional affect into a no-effect prediction.",Albantakis et al. 2023,10.1371/journal.pcbi.1011465,"Axioms and their completeness, local paras. 46, 61",full-text,1,False,True,M3 does not explicitly define optional affect as a stated-null necessity claim.
IIT,IIT (3.0/4.0),trial-level,submitted-v1,M5,organism-wide cortical–autonomic coherence,NOT_LOCATED,,,"I searched the cited available formulation for a measurable relationship between access and cortical–autonomic coupling across channels. I did not locate such a statement there; this is a corpus-limited absence, not a null prediction.",Albantakis et al. 2023,10.1371/journal.pcbi.1011465,Axioms; postulates; cause-effect structures; discussion,full-text,2,False,False,
IIT,IIT (3.0/4.0),trial-level,submitted-v1,M6,dimensionality of phenomenal structure,EXPLICIT,positive,constitution,"IIT 3.0 defines a structured concept space with axes indexed by possible past and future states of the system, and identifies experience with the maximally irreducible conceptual structure. Its dimensionality is thus formally determined rather than merely called rich.","Oizumi, Albantakis & Tononi 2014",10.1371/journal.pcbi.1003588,Concept space and cause-effect repertoires; worked system examples,full-text,3,False,True,This explicit formalization is from IIT 3.0; mapping to the IIT 4.0 formulation should remain version-labelled.
IIT,IIT (3.0/4.0),trial-level,submitted-v1,M7,metacognitive sensitivity,NOT_LOCATED,,,"I searched the cited available formulation for a relationship between consciousness and the reliability of a higher-order representation, rather than sensory precision alone. I did not locate such a statement there; this is a corpus-limited absence, not a null prediction.",Albantakis et al. 2023,10.1371/journal.pcbi.1011465,Axioms; postulates; cause-effect structures; discussion,full-text,2,False,False,
IIT,IIT (3.0/4.0),trial-level,submitted-v1,M8,cortical signature of access,EXPLICIT,positive,marker,"For the registered human visual task, IIT predicts sustained content-specific activity in posterior cortical regions and posterior connectivity supporting the experienced content.",Cogitate Consortium et al. 2025,10.1038/s41586-025-08888-1,Fig. 1 and preregistered neural predictions,full-text,3,False,False,
IIT,IIT (3.0/4.0),trial-level,added-in-revision,M4a,access to interoceptive content as content,NOT_LOCATED,,,"I searched the cited available formulation for visceral or interoceptive signals explicitly becoming conscious content. I did not locate such a statement there; this is a corpus-limited absence, not a null prediction.",Albantakis et al. 2023,10.1371/journal.pcbi.1011465,Axioms; postulates; cause-effect structures; discussion,full-text,2,False,False,
IIT,IIT (3.0/4.0),trial-level,added-in-revision,M4b,visceral modulation of access to exteroceptive content,NOT_LOCATED,,,"I searched the cited available formulation for visceral state or phase modulating access to external sensory content. I did not locate such a statement there; this is a corpus-limited absence, not a null prediction.",Albantakis et al. 2023,10.1371/journal.pcbi.1011465,Axioms; postulates; cause-effect structures; discussion,full-text,2,False,False,
IIT,IIT (3.0/4.0),trial-level,added-in-revision,M4c,conscious involvement in purely autonomic conflict,NOT_LOCATED,,,"I searched the cited available formulation for a defined autonomic conflict with skeletal action plans expressly excluded. I did not locate such a statement there; this is a corpus-limited absence, not a null prediction.",Albantakis et al. 2023,10.1371/journal.pcbi.1011465,Axioms; postulates; cause-effect structures; discussion,full-text,2,False,False,
NSF,Neural subjective frame,trial-level,added-in-revision,M1,number of simultaneously competing action policies,NOT_LOCATED,,,"I searched the cited available formulation for a dependence of conscious access or experience on the number of simultaneously competing action policies. I did not locate such a statement there; this is a corpus-limited absence, not a null prediction.",Park & Tallon-Baudry 2014,10.1098/rstb.2013.0208,Neural subjective frame; heartbeat-evoked responses; empirical predictions,full-text,2,False,False,
NSF,Neural subjective frame,trial-level,added-in-revision,M2,incompatibility of the competing policies,NOT_LOCATED,,,"I searched the cited available formulation for a dependence of access or experience on incompatibility between concurrently active action policies. I did not locate such a statement there; this is a corpus-limited absence, not a null prediction.",Park & Tallon-Baudry 2014,10.1098/rstb.2013.0208,Neural subjective frame; heartbeat-evoked responses; empirical predictions,full-text,2,False,False,
NSF,Neural subjective frame,trial-level,added-in-revision,M3,valence,INTERPRETED,positive,constitution,"The subjective-frame account relates bodily processing to subjectivity and feeling. Inferring that affective valence is represented through this frame is possible, but a valence-dependent access rule is not stated.",Park & Tallon-Baudry 2014,10.1098/rstb.2013.0208,Neural subjective frame and bodily feeling,full-text,1,False,True,A general subjective frame does not fix the sign or magnitude of affect.
NSF,Neural subjective frame,trial-level,added-in-revision,M5,organism-wide cortical–autonomic coherence,INTERPRETED,positive,marker,"Heartbeat-evoked cortical activity links visceral events with cortical processing relevant to awareness. Interpreting this as cortical–autonomic coupling is a bridge to M5, but a heartbeat-locked cortical response alone is not organism-wide multichannel coherence.",Park & Tallon-Baudry 2014,10.1098/rstb.2013.0208,"Neural responses to heartbeats and testable predictions, local paras. 62, 86",full-text,1,False,True,Local heartbeat responses and organism-wide coherence are different observables.
NSF,Neural subjective frame,trial-level,added-in-revision,M6,dimensionality of phenomenal structure,NOT_LOCATED,,,"I searched the cited available formulation for a quantified number of independent phenomenal dimensions or distinguishable experiential states. I did not locate such a statement there; this is a corpus-limited absence, not a null prediction.",Park & Tallon-Baudry 2014,10.1098/rstb.2013.0208,Neural subjective frame; heartbeat-evoked responses; empirical predictions,full-text,2,False,False,
NSF,Neural subjective frame,trial-level,added-in-revision,M7,metacognitive sensitivity,NOT_LOCATED,,,"I searched the cited available formulation for a relationship between consciousness and the reliability of a higher-order representation, rather than sensory precision alone. I did not locate such a statement there; this is a corpus-limited absence, not a null prediction.",Park & Tallon-Baudry 2014,10.1098/rstb.2013.0208,Neural subjective frame; heartbeat-evoked responses; empirical predictions,full-text,2,False,False,
NSF,Neural subjective frame,trial-level,added-in-revision,M8,cortical signature of access,EXPLICIT,positive,marker,Cortical heartbeat-evoked responses provide a temporally localized candidate marker of the bodily frame associated with perceptual access. The account distinguishes this frame from explicit heartbeat reports.,Park & Tallon-Baudry 2014,10.1098/rstb.2013.0208,"Heartbeat-evoked responses and proposed access tests, local paras. 62–66, 86",full-text,2,False,False,
NSF,Neural subjective frame,trial-level,added-in-revision,M4a,access to interoceptive content as content,EXPLICIT,positive,constitution,Heartbeat information can be consciously perceived as content; the account discusses explicit heartbeat perception separately from the usually implicit bodily frame. The implicit status of the frame is not a denial of interoceptive awareness.,Park & Tallon-Baudry 2014,10.1098/rstb.2013.0208,"Heartbeat perception versus neural responses without heartbeat awareness, local paras. 62–66",full-text,3,False,False,
NSF,Neural subjective frame,trial-level,added-in-revision,M4b,visceral modulation of access to exteroceptive content,EXPLICIT,positive,modulation,Cortical responses to heartbeats before a weak visual stimulus predict whether that external stimulus is detected; this links bodily processing to visual awareness.,Park & Tallon-Baudry 2014,10.1098/rstb.2013.0208,"Discussion of heartbeat responses and visual perception, local paras. 68–79; see Park et al. 2014 nn.3671",full-text,3,False,False,
NSF,Neural subjective frame,trial-level,added-in-revision,M4c,conscious involvement in purely autonomic conflict,NOT_LOCATED,,,"I searched the cited available formulation for a defined autonomic conflict with skeletal action plans expressly excluded. I did not locate such a statement there; this is a corpus-limited absence, not a null prediction.",Park & Tallon-Baudry 2014,10.1098/rstb.2013.0208,Neural subjective frame; heartbeat-evoked responses; empirical predictions,full-text,2,False,False,
PFT,Passive frame theory,trial-level,added-in-revision,M1,number of simultaneously competing action policies,INTERPRETED,positive,effect,"The passive conscious frame combines outputs of multiple action systems for integrated skeletal action. Moving from one policy to competing policies suggests greater arbitration demand, but no access function of policy count is specified.","Morsella et al. 2015/2016, target article",10.1017/s0140525x15000643,Integration of efference streams; PRISM (local paras. 463–467),full-text,1,False,True,Number and incompatibility of plans are not independently manipulated in the cited account.
PFT,Passive frame theory,trial-level,added-in-revision,M2,incompatibility of the competing policies,EXPLICIT,positive,effect,Incompatible intentions directed at skeletal effectors produce stronger conscious conflict than compatible intentions. Conscious contents can nevertheless be present without current conflict.,"Morsella et al. 2015/2016, target article",10.1017/s0140525x15000643,Response interference and incompatible skeletal intentions; continuous influence discussion,full-text,3,False,False,
PFT,Passive frame theory,trial-level,added-in-revision,M3,valence,INTERPRETED,positive,modulation,"Pain, hunger and other motivational contents constrain skeletal action through the conscious frame. Inferring that affective value alters which content guides action extends this mechanism to access priority rather than supplying a stated valence–access law.","Morsella et al. 2015/2016, target article",10.1017/s0140525x15000643,"Motivational contents and action integration, local para. 514",full-text,1,False,True,Conscious motivational content is clearer than a valence-specific access effect.
PFT,Passive frame theory,trial-level,added-in-revision,M5,organism-wide cortical–autonomic coherence,NOT_LOCATED,,,"I searched the cited available formulation for a measurable relationship between access and cortical–autonomic coupling across channels. I did not locate such a statement there; this is a corpus-limited absence, not a null prediction.","Morsella et al. 2015/2016, target article",10.1017/s0140525x15000643,"Target article sections on response interference, skeletal muscle, and the frame; commentaries excluded",full-text,2,False,False,
PFT,Passive frame theory,trial-level,added-in-revision,M6,dimensionality of phenomenal structure,NOT_LOCATED,,,"I searched the cited available formulation for a quantified number of independent phenomenal dimensions or distinguishable experiential states. I did not locate such a statement there; this is a corpus-limited absence, not a null prediction.","Morsella et al. 2015/2016, target article",10.1017/s0140525x15000643,"Target article sections on response interference, skeletal muscle, and the frame; commentaries excluded",full-text,2,False,False,
PFT,Passive frame theory,trial-level,added-in-revision,M7,metacognitive sensitivity,NOT_LOCATED,,,"I searched the cited available formulation for a relationship between consciousness and the reliability of a higher-order representation, rather than sensory precision alone. I did not locate such a statement there; this is a corpus-limited absence, not a null prediction.","Morsella et al. 2015/2016, target article",10.1017/s0140525x15000643,"Target article sections on response interference, skeletal muscle, and the frame; commentaries excluded",full-text,2,False,False,
PFT,Passive frame theory,trial-level,added-in-revision,M8,cortical signature of access,UNRESOLVED,,,"The response abstract places neuronal implementation outside the functional theory, but the earlier target article links consciousness to perceptual cortical and subcortical circuits (sensorium discussion). Scope exclusion versus a positive cortical prediction remains unresolved.",Morsella et al. 2016 response; 2015/2016 target article,10.1017/s0140525x15002812;10.1017/s0140525x15000643,"Response abstract on scope; target article sensorium discussion (local paras.477,496)",abstract-only,1,True,True,Only the response abstract was accessible; earlier target-article neural discussion warrants adjudication of the scope reading.
PFT,Passive frame theory,trial-level,added-in-revision,M4a,access to interoceptive content as content,EXPLICIT,positive,constitution,Bodily demands such as hunger and breathlessness can be conscious contents that constrain integrated action. The action-selection function does not exclude these experienced bodily inputs.,"Morsella et al. 2015/2016, target article",10.1017/s0140525x15000643,Bodily afference and motivational constraints; skeletal muscle account,full-text,3,False,False,
PFT,Passive frame theory,trial-level,added-in-revision,M4b,visceral modulation of access to exteroceptive content,NOT_LOCATED,,,"I searched the cited available formulation for visceral state or phase modulating access to external sensory content. I did not locate such a statement there; this is a corpus-limited absence, not a null prediction.","Morsella et al. 2015/2016, target article",10.1017/s0140525x15000643,"Target article sections on response interference, skeletal muscle, and the frame; commentaries excluded",full-text,2,False,False,
PFT,Passive frame theory,trial-level,added-in-revision,M4c,conscious involvement in purely autonomic conflict,EXPLICIT,stated_null,scope,"Conflicts wholly handled by smooth-muscle/autonomic systems, without competing skeletal plans, are excluded from the proposed integrating function of consciousness. This is a functional exclusion, not a denial that bodily states can be felt.","Morsella et al. 2015/2016, target article",10.1017/s0140525x15000643,"Skeletal versus smooth muscle; pupil/peristalsis examples, local paras. 463–467",full-text,3,False,False,
PP,Predictive processing / beast machine,trial-level,submitted-v1,M1,number of simultaneously competing action policies,NOT_LOCATED,,,"I searched the cited available formulation for a dependence of conscious access or experience on the number of simultaneously competing action policies. I did not locate such a statement there; this is a corpus-limited absence, not a null prediction.",Hohwy & Seth 2020,10.33735/phimisci.2020.ii.64,"Sections 6–8, pp. 16–26; PP as a framework for NCC",full-text,2,False,False,
PP,Predictive processing / beast machine,trial-level,submitted-v1,M2,incompatibility of the competing policies,NOT_LOCATED,,,"I searched the cited available formulation for a dependence of access or experience on incompatibility between concurrently active action policies. I did not locate such a statement there; this is a corpus-limited absence, not a null prediction.",Hohwy & Seth 2020,10.33735/phimisci.2020.ii.64,"Sections 6–8, pp. 16–26; PP as a framework for NCC",full-text,2,False,False,
PP,Predictive processing / beast machine,trial-level,submitted-v1,M3,valence,EXPLICIT,positive,constitution,"The interoceptive-inference formulation treats conscious emotional experience as arising through predictions about internal bodily causes; affective feelings are part of what the account explains, not merely external stimulus labels.",Seth & Friston 2016,10.1098/rstb.2016.0007,"Interoceptive inference and emotion, local para. 25",full-text,2,False,False,
PP,Predictive processing / beast machine,trial-level,submitted-v1,M5,organism-wide cortical–autonomic coherence,INTERPRETED,positive,marker,Descending interoceptive predictions and ascending bodily errors form a cortical–visceral control loop. Inferring a measurable coupling signature of experience from that loop requires an additional mapping; generic homeostasis alone is not a coherence prediction.,Seth & Friston 2016,10.1098/rstb.2016.0007,Interoceptive active inference and autonomic reflexes,full-text,1,False,True,No specific organism-wide coupling index is fixed by the passage.
PP,Predictive processing / beast machine,trial-level,submitted-v1,M6,dimensionality of phenomenal structure,NOT_LOCATED,,,"I searched the cited available formulation for a quantified number of independent phenomenal dimensions or distinguishable experiential states. I did not locate such a statement there; this is a corpus-limited absence, not a null prediction.",Hohwy & Seth 2020,10.33735/phimisci.2020.ii.64,"Sections 6–8, pp. 16–26; PP as a framework for NCC",full-text,2,False,False,
PP,Predictive processing / beast machine,trial-level,submitted-v1,M7,metacognitive sensitivity,NOT_LOCATED,,,"I found expected precision of sensory/interoceptive evidence and discussion of higher-order approaches, but not a distinct requirement that conscious access depends on precision of a metarepresentation. Sensory precision is not coded as M7.",Hohwy & Seth 2020,10.33735/phimisci.2020.ii.64,"Sections 6–8, especially pp. 19–23",full-text,2,False,False,
PP,Predictive processing / beast machine,trial-level,submitted-v1,M8,cortical signature of access,INTERPRETED,positive,marker,"Hierarchical predictive message passing offers candidate cortical mechanisms for conscious content, including prefrontal involvement around perceptual transitions. Inferring a cortical access signature requires a particular process model; the framework permits several NCC accounts.",Hohwy & Seth 2020,10.33735/phimisci.2020.ii.64,"Sections 6–7, pp. 17–23",full-text,2,False,True,PP is explicitly a general framework and does not select a unique cortical signature.
PP,Predictive processing / beast machine,trial-level,added-in-revision,M4a,access to interoceptive content as content,EXPLICIT,positive,constitution,"Interoceptive inference applies predictive mechanisms to conscious bodily and emotional experience, with internal-body predictions contributing to felt states.",Seth & Friston 2016,10.1098/rstb.2016.0007,"Interoceptive inference, emotions and embodied selfhood",full-text,3,False,False,
PP,Predictive processing / beast machine,trial-level,added-in-revision,M4b,visceral modulation of access to exteroceptive content,INTERPRETED,positive,modulation,Precision-weighted interoceptive inference can influence higher-level expectations and multisensory processing. Extending that mechanism to measured changes in exteroceptive access supplies the inference; the general account does not fix a cardiac-phase access effect.,Seth & Friston 2016,10.1098/rstb.2016.0007,"Interoceptive precision and cross-modal expectations, local paras. 28–32, 40",full-text,2,False,False,
PP,Predictive processing / beast machine,trial-level,added-in-revision,M4c,conscious involvement in purely autonomic conflict,NOT_LOCATED,,,"I searched the cited available formulation for a defined autonomic conflict with skeletal action plans expressly excluded. I did not locate such a statement there; this is a corpus-limited absence, not a null prediction.",Hohwy & Seth 2020,10.33735/phimisci.2020.ii.64,"Sections 6–8, pp. 16–26; PP as a framework for NCC",full-text,2,False,False,
RPT,Recurrent processing (RPT),trial-level,submitted-v1,M1,number of simultaneously competing action policies,NOT_LOCATED,,,"I searched the cited available formulation for a dependence of conscious access or experience on the number of simultaneously competing action policies. I did not locate such a statement there; this is a corpus-limited absence, not a null prediction.",Lamme 2010,10.1080/17588921003731586,"Main target article, PDF pp. 1–19; especially stages 1–4 and recurrent processing; commentaries excluded",full-text,2,False,False,
RPT,Recurrent processing (RPT),trial-level,submitted-v1,M2,incompatibility of the competing policies,NOT_LOCATED,,,"I searched the cited available formulation for a dependence of access or experience on incompatibility between concurrently active action policies. I did not locate such a statement there; this is a corpus-limited absence, not a null prediction.",Lamme 2010,10.1080/17588921003731586,"Main target article, PDF pp. 1–19; especially stages 1–4 and recurrent processing; commentaries excluded",full-text,2,False,False,
RPT,Recurrent processing (RPT),trial-level,submitted-v1,M3,valence,NOT_LOCATED,,,"I searched the cited available formulation for valence-dependent access or a constitutive role for affective sign or magnitude in experience. I did not locate such a statement there; this is a corpus-limited absence, not a null prediction.",Lamme 2010,10.1080/17588921003731586,"Main target article, PDF pp. 1–19; especially stages 1–4 and recurrent processing; commentaries excluded",full-text,2,False,False,
RPT,Recurrent processing (RPT),trial-level,submitted-v1,M5,organism-wide cortical–autonomic coherence,NOT_LOCATED,,,"I searched the cited available formulation for a measurable relationship between access and cortical–autonomic coupling across channels. I did not locate such a statement there; this is a corpus-limited absence, not a null prediction.",Lamme 2010,10.1080/17588921003731586,"Main target article, PDF pp. 1–19; especially stages 1–4 and recurrent processing; commentaries excluded",full-text,2,False,False,
RPT,Recurrent processing (RPT),trial-level,submitted-v1,M6,dimensionality of phenomenal structure,NOT_LOCATED,,,"I searched the cited available formulation for a quantified number of independent phenomenal dimensions or distinguishable experiential states. I did not locate such a statement there; this is a corpus-limited absence, not a null prediction.",Lamme 2010,10.1080/17588921003731586,"Main target article, PDF pp. 1–19; especially stages 1–4 and recurrent processing; commentaries excluded",full-text,2,False,False,
RPT,Recurrent processing (RPT),trial-level,submitted-v1,M7,metacognitive sensitivity,NOT_LOCATED,,,"The target article separates phenomenal vision from introspection and report. That separation does not by itself state that higher-order precision makes no difference to experience, and I did not locate a calibration or meta-d-prime prediction.",Lamme 2010,10.1080/17588921003731586,"Main target article, opening discussion and stages 3 versus 4",full-text,2,False,False,
RPT,Recurrent processing (RPT),trial-level,submitted-v1,M8,cortical signature of access,EXPLICIT,positive,necessity,"Local recurrent interactions within visual cortical processing support phenomenal vision, whereas a feedforward sweep is insufficient. Broader frontoparietal recurrence supports access/report but is not required for every phenomenal visual content.",Lamme 2010,10.1080/17588921003731586,"Stages 1–4, recurrent-processing argument, main target article PDF pp. 9–15",full-text,3,False,False,
RPT,Recurrent processing (RPT),trial-level,added-in-revision,M4a,access to interoceptive content as content,NOT_LOCATED,,,"I searched the cited available formulation for visceral or interoceptive signals explicitly becoming conscious content. I did not locate such a statement there; this is a corpus-limited absence, not a null prediction.",Lamme 2010,10.1080/17588921003731586,"Main target article, PDF pp. 1–19; especially stages 1–4 and recurrent processing; commentaries excluded",full-text,2,False,False,
RPT,Recurrent processing (RPT),trial-level,added-in-revision,M4b,visceral modulation of access to exteroceptive content,NOT_LOCATED,,,"I searched the cited available formulation for visceral state or phase modulating access to external sensory content. I did not locate such a statement there; this is a corpus-limited absence, not a null prediction.",Lamme 2010,10.1080/17588921003731586,"Main target article, PDF pp. 1–19; especially stages 1–4 and recurrent processing; commentaries excluded",full-text,2,False,False,
RPT,Recurrent processing (RPT),trial-level,added-in-revision,M4c,conscious involvement in purely autonomic conflict,NOT_LOCATED,,,"I searched the cited available formulation for a defined autonomic conflict with skeletal action plans expressly excluded. I did not locate such a statement there; this is a corpus-limited absence, not a null prediction.",Lamme 2010,10.1080/17588921003731586,"Main target article, PDF pp. 1–19; especially stages 1–4 and recurrent processing; commentaries excluded",full-text,2,False,False,
SIT,Supramodular interaction theory (SIT),trial-level,submitted-v1,M1,number of simultaneously competing action policies,INTERPRETED,positive,effect,"The theory requires interaction among action systems when more than one policy competes for skeletal control. Inferring a dependence on policy number beyond the compatible/incompatible comparison is an extension, not an independently stated count law.","Morsella, Gray, Krieger & Bargh 2009",10.1037/a0017121,PRISM; Studies 1–2 rationale,full-text,1,False,True,Policy count and policy incompatibility must not be conflated.
SIT,Supramodular interaction theory (SIT),trial-level,submitted-v1,M2,incompatibility of the competing policies,EXPLICIT,positive,effect,Sustaining incompatible skeletal intentions produces greater reported subjective conflict than sustaining compatible intentions before movement is executed.,"Morsella, Gray, Krieger & Bargh 2009",10.1037/a0017121,Study 1 arm plans; Study 2 finger plans; General Discussion,full-text,3,False,False,
SIT,Supramodular interaction theory (SIT),trial-level,submitted-v1,M3,valence,INTERPRETED,positive,constitution,"Conflict-related subjective states are proposed to acquire negative affect and support later avoidance. Inferring a valenced dimension of the conscious conflict is plausible, but the direction of explanation is conflict-to-affect, not a tested valence-to-access effect.","Morsella, Gray, Krieger & Bargh 2009",10.1037/a0017121,"General Discussion on conflict-related negative valence, local paras. 98–99",full-text,1,False,True,The causal direction differs from a claim that valence alters access.
SIT,Supramodular interaction theory (SIT),trial-level,submitted-v1,M5,organism-wide cortical–autonomic coherence,NOT_LOCATED,,,"I searched the cited available formulation for a measurable relationship between access and cortical–autonomic coupling across channels. I did not locate such a statement there; this is a corpus-limited absence, not a null prediction.","Morsella, Gray, Krieger & Bargh 2009",10.1037/a0017121,PRISM introduction; Studies 1–3; General Discussion,full-text,2,False,False,
SIT,Supramodular interaction theory (SIT),trial-level,submitted-v1,M6,dimensionality of phenomenal structure,NOT_LOCATED,,,"I searched the cited available formulation for a quantified number of independent phenomenal dimensions or distinguishable experiential states. I did not locate such a statement there; this is a corpus-limited absence, not a null prediction.","Morsella, Gray, Krieger & Bargh 2009",10.1037/a0017121,PRISM introduction; Studies 1–3; General Discussion,full-text,2,False,False,
SIT,Supramodular interaction theory (SIT),trial-level,submitted-v1,M7,metacognitive sensitivity,NOT_LOCATED,,,"I searched the cited available formulation for a relationship between consciousness and the reliability of a higher-order representation, rather than sensory precision alone. I did not locate such a statement there; this is a corpus-limited absence, not a null prediction.","Morsella, Gray, Krieger & Bargh 2009",10.1037/a0017121,PRISM introduction; Studies 1–3; General Discussion,full-text,2,False,False,
SIT,Supramodular interaction theory (SIT),trial-level,submitted-v1,M8,cortical signature of access,INTERPRETED,positive,marker,The paper points to anterior cingulate and prefrontal conflict systems as targets for finding the neural correlates of subjective conflict. Treating these as an access marker is a prospective inference; the paper says those correlates remain to be identified.,"Morsella, Gray, Krieger & Bargh 2009",10.1037/a0017121,"Response versus stimulus interference, local para. 43; future-neural-work discussion, para. 100",full-text,1,False,True,A proposed search region is not an already stated necessary cortical access signature.
SIT,Supramodular interaction theory (SIT),trial-level,added-in-revision,M4a,access to interoceptive content as content,EXPLICIT,positive,constitution,"The discussion explicitly distinguishes conscious bodily afference, such as breathlessness and deprivation, from subjective effects of incompatible intentions. Such visceral states may be experienced as content.","Morsella, Gray, Krieger & Bargh 2009",10.1037/a0017121,"Introduction, primary versus secondary subjective effects, local para. 46",full-text,3,False,False,
SIT,Supramodular interaction theory (SIT),trial-level,added-in-revision,M4b,visceral modulation of access to exteroceptive content,NOT_LOCATED,,,"I searched the cited available formulation for visceral state or phase modulating access to external sensory content. I did not locate such a statement there; this is a corpus-limited absence, not a null prediction.","Morsella, Gray, Krieger & Bargh 2009",10.1037/a0017121,PRISM introduction; Studies 1–3; General Discussion,full-text,2,False,False,
SIT,Supramodular interaction theory (SIT),trial-level,added-in-revision,M4c,conscious involvement in purely autonomic conflict,EXPLICIT,stated_null,scope,The proposed PRISM function excludes smooth-muscle conflicts that do not involve skeletal action plans. The pupil-control example tests this contrast; the claim does not deny feeling bodily consequences.,"Morsella, Gray, Krieger & Bargh 2009",10.1037/a0017121,"Study 3 and General Discussion, local paras. 85–86",full-text,3,False,False,
UAL,UAL,origin-level,submitted-v1,M1,number of simultaneously competing action policies,NOT_LOCATED,,,"I searched the cited available formulation for a dependence of conscious access or experience on the number of simultaneously competing action policies. I did not locate such a statement there; this is a corpus-limited absence, not a null prediction.","Birch, Ginsburg & Jablonka 2020",10.1007/s10539-020-09772-0,"Part I, hallmarks and UAL; Part II, empirical predictions",full-text,2,False,False,
UAL,UAL,origin-level,submitted-v1,M2,incompatibility of the competing policies,NOT_LOCATED,,,"I searched the cited available formulation for a dependence of access or experience on incompatibility between concurrently active action policies. I did not locate such a statement there; this is a corpus-limited absence, not a null prediction.","Birch, Ginsburg & Jablonka 2020",10.1007/s10539-020-09772-0,"Part I, hallmarks and UAL; Part II, empirical predictions",full-text,2,False,False,
UAL,UAL,origin-level,submitted-v1,M3,valence,EXPLICIT,positive,sufficiency,The proposed consciousness-enabling package includes an evaluative system and flexible assignment of positive or negative value to learned compound patterns. Valuation is a component of the proposed sufficient architecture for experience.,"Birch, Ginsburg & Jablonka 2020",10.1007/s10539-020-09772-0,"Part I: hallmarks, evaluative system and pattern completion, local paras. 18–19, 30–31",full-text,2,False,True,UAL is a positive marker; do not turn a component of a jointly sufficient package into a individually necessary condition.
UAL,UAL,origin-level,submitted-v1,M5,organism-wide cortical–autonomic coherence,NOT_LOCATED,,,"I searched the cited available formulation for a measurable relationship between access and cortical–autonomic coupling across channels. I did not locate such a statement there; this is a corpus-limited absence, not a null prediction.","Birch, Ginsburg & Jablonka 2020",10.1007/s10539-020-09772-0,"Part I, hallmarks and UAL; Part II, empirical predictions",full-text,2,False,False,
UAL,UAL,origin-level,submitted-v1,M6,dimensionality of phenomenal structure,NOT_LOCATED,,,"I searched the cited available formulation for a quantified number of independent phenomenal dimensions or distinguishable experiential states. I did not locate such a statement there; this is a corpus-limited absence, not a null prediction.","Birch, Ginsburg & Jablonka 2020",10.1007/s10539-020-09772-0,"Part I, hallmarks and UAL; Part II, empirical predictions",full-text,2,False,False,
UAL,UAL,origin-level,submitted-v1,M7,metacognitive sensitivity,NOT_LOCATED,,,"I searched the cited available formulation for a relationship between consciousness and the reliability of a higher-order representation, rather than sensory precision alone. I did not locate such a statement there; this is a corpus-limited absence, not a null prediction.","Birch, Ginsburg & Jablonka 2020",10.1007/s10539-020-09772-0,"Part I, hallmarks and UAL; Part II, empirical predictions",full-text,2,False,False,
UAL,UAL,origin-level,submitted-v1,M8,cortical signature of access,NOT_APPLICABLE,,,"The scope says “the UAL framework does not make predictions at the level of specific neural signatures”; UAL should covary with independently accepted signatures. This is a scope limit, not evidence that cortex is unnecessary.","Birch, Ginsburg & Jablonka 2020",10.1007/s10539-020-09772-0,"Part II: neural signatures, local paras. 62–63 / P49–P50",full-text,3,False,False,
UAL,UAL,origin-level,added-in-revision,M4a,access to interoceptive content as content,INTERPRETED,positive,constitution,The sufficient package includes representing one’s own body and a stable embodied point of view. Extending these capacities to felt visceral afferents is an inference; representation of the body alone does not specify heartbeat or respiratory content.,"Birch, Ginsburg & Jablonka 2020",10.1007/s10539-020-09772-0,"Part I: subjective point of view and intentionality, local paras. 5, 17–18",full-text,1,False,True,Bodily self-representation is broader than interoceptive content.
UAL,UAL,origin-level,added-in-revision,M4b,visceral modulation of access to exteroceptive content,NOT_LOCATED,,,"I searched the cited available formulation for visceral state or phase modulating access to external sensory content. I did not locate such a statement there; this is a corpus-limited absence, not a null prediction.","Birch, Ginsburg & Jablonka 2020",10.1007/s10539-020-09772-0,"Part I, hallmarks and UAL; Part II, empirical predictions",full-text,2,False,False,
UAL,UAL,origin-level,added-in-revision,M4c,conscious involvement in purely autonomic conflict,NOT_LOCATED,,,"I searched the cited available formulation for a defined autonomic conflict with skeletal action plans expressly excluded. I did not locate such a statement there; this is a corpus-limited absence, not a null prediction.","Birch, Ginsburg & Jablonka 2020",10.1007/s10539-020-09772-0,"Part I, hallmarks and UAL; Part II, empirical predictions",full-text,2,False,False,
