cell_id,theory_id,theory,row_class,origin,domain_id,domain,prediction_id,code,polarity,relation,claim_text,source_label,source_doi,source_locus,evidence_status,confidence,provisional,legacy_code,first_coder_code_M4,superseded_by,flag_for_adjudication,legacy_justification,legacy_source_label,legacy_source_doi,note,coder,n_predictions,previous_code,previous_polarity,recode_note
ASTxM1,AST,AST,trial-level,submitted-v1,M1,number of simultaneously competing action policies,,NOT_LOCATED,,,Competing policies are not represented in the attention schema.,Graziano & Webb 2015,10.3389/fpsyg.2015.00500,whole text (sections on the attention schema and internal models),full-text,2,False,NO,,,,Awareness is a schematic model of attention; competing policies are not represented.,Graziano & Webb 2015,10.3389/fpsyg.2015.00500,,author1,1,,,
ASTxM2,AST,AST,trial-level,submitted-v1,M2,incompatibility of the competing policies,,NOT_LOCATED,,,No conflict term.,Graziano & Webb 2015,10.3389/fpsyg.2015.00500,whole text (sections on the attention schema and internal models),full-text,2,False,NO,,,,No conflict term.,Graziano & Webb 2015,10.3389/fpsyg.2015.00500,,author1,1,,,
ASTxM3,AST,AST,trial-level,submitted-v1,M3,valence,,NOT_LOCATED,,,"The schema models attentional state, not valence.",Graziano & Webb 2015,10.3389/fpsyg.2015.00500,whole text (sections on the attention schema and internal models),full-text,2,False,NO,,,,"The attention schema models attentional state, not valence.",Graziano & Webb 2015,10.3389/fpsyg.2015.00500,,author1,1,,,
ASTxM5,AST,AST,trial-level,submitted-v1,M5,organism-wide cortical–autonomic coherence,,NOT_LOCATED,,,No organism-wide coherence prediction.,Graziano & Webb 2015,10.3389/fpsyg.2015.00500,whole text (sections on the attention schema and internal models),full-text,2,False,NO,,,,No organism-wide coherence prediction.,Graziano & Webb 2015,10.3389/fpsyg.2015.00500,,author1,1,,,
ASTxM6,AST,AST,trial-level,submitted-v1,M6,dimensionality of phenomenal structure,,INTERPRETED,positive,constitution,"The schema is explicitly simplified, implying low dimensionality of the represented awareness state; no dimensionality is predicted quantitatively.",Graziano & Webb 2015,10.3389/fpsyg.2015.00500,"p. 5 (internal models are simplified, schematic descriptions)",full-text,1,False,IMPLICIT,,,,"The schema is explicitly simplified and non-physical, implying low dimensionality, but no dimensionality is measured or predicted.",Graziano & Webb 2015,10.3389/fpsyg.2015.00500,,author1,1,,,
ASTxM7,AST,AST,trial-level,submitted-v1,M7,metacognitive sensitivity,,INTERPRETED,positive,marker,"Systematic inaccuracy of the schema is predicted; introspective accuracy is a consequence, not a quantified predictor.",Wilterson et al. 2020,10.1016/j.pneurobio.2020.101844,abstract (attention control relies on an internal model responsible for claims of awareness),abstract-only,1,False,IMPLICIT,,,,Predicts systematic inaccuracy of the schema; accuracy of introspection is a consequence rather than a quantified predictor.,Wilterson et al. 2020,10.1016/j.pneurobio.2020.101844,,author1,1,,,
ASTxM8,AST,AST,trial-level,submitted-v1,M8,cortical signature of access,P12,EXPLICIT,positive,marker,A temporo-parietal substrate of the attention schema; its causal disruption should impair awareness attributions and detection.,"Kelly, Webb, Meier, Arcaro & Graziano 2014; Graziano & Webb 2015",10.1073/pnas.1401201111; 10.3389/fpsyg.2015.00500,Kelly et al. 2014 abstract (bilateral TPJ activity when attributing awareness; TMS to those sites impairs visual detection); Graziano & Webb 2015 p. 4 (hemispatial neglect as loss of subjective awareness),abstract-only,2,False,YES,,,"Legacy YES cites Graziano & Webb 2015 and Wilterson et al. 2020; neither text as read names TPJ/STS as substrate (Graziano & Webb 2015 full text searched; Wilterson 2020 abstract is behavioural). The locus claim is supported by Kelly et al. 2014 (abstract), added here as the locus source. | 24 Sep 2026: full text not reachable from the sandbox (publisher-closed); code rests on the abstract and is provisional until the PDF is read by the first coder.",Temporo-parietal junction and superior temporal sulcus as substrate of the attention schema; causal manipulations predicted to disrupt awareness.,Wilterson et al. 2020,10.1016/j.pneurobio.2020.101844,,author1,1,,,
ASTxM4a,AST,AST,trial-level,added-in-revision,M4a,access to interoceptive content as content,,NOT_LOCATED,,,No statement located on access to interoceptive content as content.,Graziano & Webb 2015,10.3389/fpsyg.2015.00500,no statement located,full-text,2,True,,NO,,,,,,,author1,1,,,
ASTxM4b,AST,AST,trial-level,added-in-revision,M4b,visceral modulation of access to exteroceptive content,,NOT_LOCATED,,,No statement located on visceral modulation of access to exteroceptive content.,Graziano & Webb 2015,10.3389/fpsyg.2015.00500,no statement located,full-text,2,True,,NO,,,,,,,author1,1,,,
ASTxM4c,AST,AST,trial-level,added-in-revision,M4c,conscious involvement in purely autonomic conflict,,NOT_LOCATED,,,No statement located on conscious involvement in purely autonomic conflict.,Graziano & Webb 2015,10.3389/fpsyg.2015.00500,no statement located,full-text,2,True,,NO,,,,,,,author1,1,,,
FMxM1,FM,Feinberg & Mallatt,origin-level,submitted-v1,M1,number of simultaneously competing action policies,,NOT_LOCATED,,,"The threshold is the appearance of isomorphic maps, not arbitration load.",Feinberg & Mallatt 2013,10.3389/fpsyg.2013.00667,abstract (isomorphic neural maps as marker),full-text,2,False,NO,,,,"The threshold is the appearance of isomorphic neural maps of one body/world, not arbitration load.",Feinberg & Mallatt 2013,10.3389/fpsyg.2013.00667,,author1,1,,,
FMxM2,FM,Feinberg & Mallatt,origin-level,submitted-v1,M2,incompatibility of the competing policies,,NOT_LOCATED,,,No incompatibility term.,Feinberg & Mallatt 2013,10.3389/fpsyg.2013.00667,abstract,full-text,2,False,NO,,,,No incompatibility term.,Feinberg & Mallatt 2013,10.3389/fpsyg.2013.00667,,author1,1,,,
FMxM3,FM,Feinberg & Mallatt,origin-level,submitted-v1,M3,valence,P21,EXPLICIT,positive,constitution,Affective consciousness is treated as a distinct and possibly earlier kind than exteroceptive image-based consciousness.,"Feinberg & Mallatt 2013; Feinberg & Mallatt 2016 (The Ancient Origins of Consciousness, MIT Press)",10.3389/fpsyg.2013.00667; 10.7551/mitpress/10714.001.0001,"p. 8 (pain as a multidimensional experience based on somatosensory, affective and homeostatic processing; nociceptors ancient); Feinberg & Mallatt 2016 (book, not read) for the affective/interoceptive/exteroceptive tripartition",full-text,2,False,YES,,,,"Affective consciousness is treated as a distinct and possibly earlier kind than exteroceptive image-based consciousness, with nociceptive/valenced states as its content.",Feinberg & Mallatt 2013,10.3389/fpsyg.2013.00667,,author1,1,,,
FMxM5,FM,Feinberg & Mallatt,origin-level,submitted-v1,M5,organism-wide cortical–autonomic coherence,,INTERPRETED,positive,marker,Unified representation of one body is emphasised; no coherence measure proposed.,Feinberg & Mallatt 2013,10.3389/fpsyg.2013.00667,abstract (unified representation of one body/world),full-text,1,False,IMPLICIT,,,,Emphasises unified representation of one body but proposes no organism-wide coherence measure.,Feinberg & Mallatt 2013,10.3389/fpsyg.2013.00667,,author1,1,,,
FMxM6,FM,Feinberg & Mallatt,origin-level,submitted-v1,M6,dimensionality of phenomenal structure,,NOT_LOCATED,,,No dimensionality prediction.,Feinberg & Mallatt 2013,10.3389/fpsyg.2013.00667,whole text,full-text,2,False,NO,,,,No dimensionality prediction.,Feinberg & Mallatt 2013,10.3389/fpsyg.2013.00667,,author1,1,,,
FMxM7,FM,Feinberg & Mallatt,origin-level,submitted-v1,M7,metacognitive sensitivity,,NOT_LOCATED,,,No metacognitive-precision prediction.,Feinberg & Mallatt 2013,10.3389/fpsyg.2013.00667,whole text,full-text,2,False,NO,,,,No metacognitive-precision prediction.,Feinberg & Mallatt 2013,10.3389/fpsyg.2013.00667,,author1,1,,,
FMxM8,FM,Feinberg & Mallatt,origin-level,submitted-v1,M8,cortical signature of access,,INTERPRETED,positive,necessity,Neuroanatomical prerequisites are named rather than a human cortical access signature.,Feinberg & Mallatt 2013,10.3389/fpsyg.2013.00667,"abstract (minimum requirement: forebrain, midbrain, hindbrain with hierarchical isomorphic maps and reciprocal connectivity; cortex not necessary)",full-text,2,False,IMPLICIT,,,,"Names neuroanatomical prerequisites (hierarchical maps, reciprocal connectivity) rather than an access signature in humans.",Feinberg & Mallatt 2013,10.3389/fpsyg.2013.00667,,author1,1,,,
FMxM4a,FM,Feinberg & Mallatt,origin-level,added-in-revision,M4a,access to interoceptive content as content,P26,EXPLICIT,positive,constitution,Interoceptive/nociceptive channels are constitutive of affective consciousness.,"Feinberg & Mallatt 2013; Feinberg & Mallatt 2016 (The Ancient Origins of Consciousness, MIT Press)",10.3389/fpsyg.2013.00667; 10.7551/mitpress/10714.001.0001,"p. 8 and p. 10 (interoceptive aspects of pain, insula); tripartite scheme (exteroceptive/interoceptive/affective consciousness) in Feinberg & Mallatt 2016 (book, not read in this pass)",full-text,2,True,,YES,,"The 2013 text as read supports interoceptive aspects of pain as conscious content; the explicit interoceptive-consciousness category is in the 2016 book, which could not be read - evidence for the EXPLICIT code is secondary for that part.",,,,,author1,1,,,
FMxM4b,FM,Feinberg & Mallatt,origin-level,added-in-revision,M4b,visceral modulation of access to exteroceptive content,,NOT_LOCATED,,,No statement located on visceral modulation of access to exteroceptive content.,Feinberg & Mallatt 2013,10.3389/fpsyg.2013.00667,no statement located,full-text,2,True,,NO,,,,,,,author1,1,,,
FMxM4c,FM,Feinberg & Mallatt,origin-level,added-in-revision,M4c,conscious involvement in purely autonomic conflict,,NOT_LOCATED,,,,"Feinberg & Mallatt 2013; Feinberg & Mallatt 2016 (The Ancient Origins of Consciousness, MIT Press)",10.3389/fpsyg.2013.00667; 10.7551/mitpress/10714.001.0001,"Feinberg & Mallatt 2013, Objections to the Hypothesis, Challenge 3, p. 17 (visceral-sensory paths not consciously perceived); no passage on conflict or autonomic effectors anywhere in pp. 1-19",full-text,2,True,,IMPLICIT,,Polarity uncertain: the only located 2013 passage on visceral pathways (p. 17) points towards a null for low-level visceral signals; the positive reading depends on the 2016 book (not read).,,,,,author1,1,INTERPRETED,positive,"24 Sep 2026, first coder after full-text reading: Codebook §2 M4c: coding requires the source to define conflict and to exclude skeletomotor involvement; if it does neither, code NOT_LOCATED. The 2013 article does neither, so INTERPRETED positive (mechanism 'would produce a feeling here') is not supported by a located passage; the homeostatic-affec Sections searched: Feinberg & Mallatt 2013 full text pp. 1-19 (all sections) for conflict, compet*, decision, choice, reflex*, autonomic, smooth muscle, gland*, vagus, sympathetic, homeostas*, viscer*, interocept*. 'Con"
GNWTxM1,GNWT,GNWT,trial-level,submitted-v1,M1,number of simultaneously competing action policies,,NOT_LOCATED,,,No statement located relating access to the number of competing policies.,Mashour et al. 2020,10.1016/j.neuron.2020.01.026,abstract (ignition of a single amplified representation),abstract-only,2,False,NO,,,,"Ignition is triggered by a single winning representation crossing threshold; the theory quantifies stimulus strength and attention, not the cardinality of the competing set. No published GNWT prediction indexes access to how many policies compete.",Mashour et al. 2020,10.1016/j.neuron.2020.01.026,,author1,1,,,
GNWTxM2,GNWT,GNWT,trial-level,submitted-v1,M2,incompatibility of the competing policies,,NOT_LOCATED,,,No statement located relating access to the degree of policy incompatibility.,Dehaene et al. 2006,10.1016/j.tics.2006.03.007,abstract (taxonomy over stimulus strength and attention),abstract-only,2,False,NO,,,,"Competition for the workspace is assumed but its degree is not a predictor variable; predictions are stated over visibility/threshold, not over conflict magnitude.",Dehaene et al. 2006,10.1016/j.tics.2006.03.007,,author1,1,,,
GNWTxM3,GNWT,GNWT,trial-level,submitted-v1,M3,valence,,INTERPRETED,stated_null,effect,Valence can be workspace content but is not stated to shift the access threshold; a null over valence follows from content-neutral broadcast.,Mashour et al. 2020,10.1016/j.neuron.2020.01.026,abstract (content-neutral broadcast),abstract-only,2,False,IMPLICIT,,,,Broadcast is content-neutral by construction: any representation that wins gains global availability. Valence can be a workspace content but is not predicted to shift access thresholds.,Mashour et al. 2020,10.1016/j.neuron.2020.01.026,polarity 'null' restored from claim_text during integration (was blank),author1,1,,,
GNWTxM5,GNWT,GNWT,trial-level,submitted-v1,M5,organism-wide cortical–autonomic coherence,,INTERPRETED,positive,marker,Global availability is organism-wide in spirit; a coherence prediction is constructible but no joint cortical-autonomic metric is stated.,Dehaene et al. 2006,10.1016/j.tics.2006.03.007,abstract (global availability); operationalisation is cortical ignition/P3b,abstract-only,1,False,IMPLICIT,,,,"""Global availability"" is organism-wide in spirit, but the operationalisation is cortical ignition and P3b; no joint cortical-autonomic metric is specified.",Dehaene et al. 2006,10.1016/j.tics.2006.03.007,,author1,1,,,
GNWTxM6,GNWT,GNWT,trial-level,submitted-v1,M6,dimensionality of phenomenal structure,,NOT_LOCATED,,,No prediction about the dimensionality of experienced content; the theory predicts presence/absence of access.,Mashour et al. 2020,10.1016/j.neuron.2020.01.026,abstract,abstract-only,2,False,NO,,,,No prediction about the dimensionality of experienced content; the theory predicts presence/absence of access.,Mashour et al. 2020,10.1016/j.neuron.2020.01.026,,author1,1,,,
GNWTxM7,GNWT,GNWT,trial-level,submitted-v1,M7,metacognitive sensitivity,,INTERPRETED,positive,necessity,Metacognition is argued to be a needed addition to the workspace; not a quantity the theory itself predicts over.,Shea & Frith 2019,10.1016/j.tics.2019.04.007,abstract (broadcast representations must include a metacognitive component),abstract-only,2,False,IMPLICIT,,,,Metacognition is argued to be a needed addition to the workspace rather than a quantity the theory itself predicts.,Shea & Frith 2019,10.1016/j.tics.2019.04.007,,author1,1,,,
GNWTxM8,GNWT,GNWT,trial-level,submitted-v1,M8,cortical signature of access,P01;P02;P03;P30,EXPLICIT,positive,marker,"Late non-linear ignition of a prefrontal-parietal network at stimulus onset (and offset), PFC decodability of conscious content, PFC-posterior synchrony; offset ignition and some PFC decoding challenged in Cogitate 2025.",Melloni et al. 2023 (Cogitate protocol); Cogitate Consortium et al. 2025,10.1371/journal.pone.0268577; 10.1038/s41586-025-08888-1,"Melloni et al. 2023, ""Differential predictions of the theories"", predictions 1-5 (pp. 4-6) and analyses #1-#3 (pp. 11-13); Cogitate 2025 abstract and results",full-text,3,False,YES,,,,"Late (~250-400 ms) non-linear ignition of a fronto-parietal network, P3b, sustained prefrontal activity; tested and partly falsified at stimulus offset by the adversarial collaboration.",Cogitate Consortium et al. 2025,10.1038/s41586-025-08888-1,,author1,4,,,
GNWTxM4a,GNWT,GNWT,trial-level,added-in-revision,M4a,access to interoceptive content as content,,NOT_LOCATED,,,No statement located on access to interoceptive content as content.,Mashour et al. 2020,10.1016/j.neuron.2020.01.026,no statement located,abstract-only,2,True,,NO,,,,,,,author1,1,,,
GNWTxM4b,GNWT,GNWT,trial-level,added-in-revision,M4b,visceral modulation of access to exteroceptive content,,NOT_LOCATED,,,No statement located on visceral modulation of access to exteroceptive content.,Mashour et al. 2020,10.1016/j.neuron.2020.01.026,no statement located,abstract-only,2,True,,NO,,,,,,,author1,1,,,
GNWTxM4c,GNWT,GNWT,trial-level,added-in-revision,M4c,conscious involvement in purely autonomic conflict,,NOT_LOCATED,,,No statement located on conscious involvement in purely autonomic conflict.,Mashour et al. 2020,10.1016/j.neuron.2020.01.026,no statement located,abstract-only,2,True,,NO,,,,,,,author1,1,,,
HOTxM1,HOT,Higher-order theory (HOT / HOROR),trial-level,submitted-v1,M1,number of simultaneously competing action policies,,NOT_LOCATED,,,No statement located relating awareness to the number of action policies.,Lau & Rosenthal 2011,10.1016/j.tics.2011.05.009,abstract,abstract-only,2,True,NO,,,,"Higher-order state space is defined over perceptual generative models, not over action policies.",Fleming 2020,10.1093/nc/niz020,,author1,1,,,
HOTxM2,HOT,Higher-order theory (HOT / HOROR),trial-level,submitted-v1,M2,incompatibility of the competing policies,,NOT_LOCATED,,,No conflict-magnitude term located.,Lau & Rosenthal 2011,10.1016/j.tics.2011.05.009,abstract,abstract-only,2,True,NO,,,,No conflict-magnitude term.,Fleming 2020,10.1093/nc/niz020,,author1,1,,,
HOTxM3,HOT,Higher-order theory (HOT / HOROR),trial-level,submitted-v1,M3,valence,,INTERPRETED,stated_null,effect,Emotional consciousness uses the same higher-order mechanism; no differential access for valenced content is predicted.,LeDoux & Brown 2017,10.1073/pnas.1619316114,abstract (emotional and non-emotional experiences arise from one cortical system; inputs differ),abstract-only,2,True,IMPLICIT,,,,"Higher-order theory has been extended to emotional consciousness, but the extension asserts a common higher-order mechanism rather than predicting differential access thresholds for valenced content.",LeDoux & Brown 2017,10.1073/pnas.1619316114,polarity 'null' restored from claim_text during integration (was blank),author1,1,,,
HOTxM5,HOT,Higher-order theory (HOT / HOROR),trial-level,submitted-v1,M5,organism-wide cortical–autonomic coherence,,NOT_LOCATED,,,No organism-wide coherence claim located.,Lau & Rosenthal 2011,10.1016/j.tics.2011.05.009,abstract,abstract-only,2,True,NO,,,,Awareness is local and prefrontal; no organism-wide coherence claim.,Fleming 2020,10.1093/nc/niz020,,author1,1,,,
HOTxM6,HOT,Higher-order theory (HOT / HOROR),trial-level,submitted-v1,M6,dimensionality of phenomenal structure,,NOT_LOCATED,,,No dimensionality statement located in the HOT sources.,"Lau & Rosenthal 2011; Brown, Lau & LeDoux 2019",10.1016/j.tics.2011.05.009; 10.1016/j.tics.2019.06.009,"abstract; Brown, Lau & LeDoux 2019 abstract",abstract-only,2,True,YES,,,Split cell: the legacy YES rests on Fleming 2020 (HOSS) only; no HOT source states a dimensionality claim. Entered NOT_LOCATED for HOT. | 24 Sep 2026: full text not reachable from the sandbox (publisher-closed); code rests on the abstract and is provisional until the PDF is read by the first coder.,HOSS makes the sharp claim that the awareness state is low-dimensional — a 1D continuum from absent to present — nested asymmetrically above a high-dimensional perceptual space.,Fleming 2020,10.1093/nc/niz020,,author1,1,,,
HOTxM7,HOT,Higher-order theory (HOT / HOROR),trial-level,submitted-v1,M7,metacognitive sensitivity,P11,EXPLICIT,positive,marker,"Metacognitive sensitivity (meta-d prime), dissociable from first-order performance, indexes the higher-order state; proponents do not equate consciousness with confidence.",Maniscalco & Lau 2012; Lau & Rosenthal 2011,10.1016/j.concog.2011.09.021; 10.1016/j.tics.2011.05.009,"Maniscalco & Lau 2012 abstract (meta-d prime as measure of metacognitive sensitivity); Lau & Rosenthal 2011 abstract (higher-order representations as the basis of awareness); Brown, Lau & LeDoux 2019 abstract (consciousness not equated with metacognition or confidence)",abstract-only,2,True,YES,,,,"Core measurable: metacognitive sensitivity/efficiency (meta-d prime), calibration of confidence, and its dissociation from first-order performance.",Maniscalco & Lau 2012,10.1016/j.concog.2011.09.021,,author1,1,,,
HOTxM8,HOT,Higher-order theory (HOT / HOROR),trial-level,submitted-v1,M8,cortical signature of access,P09,EXPLICIT,positive,necessity,Prefrontal higher-order representation is necessary for awareness; disruption of dlPFC should reduce awareness/metacognitive sensitivity at matched first-order performance.,Lau & Rosenthal 2011,10.1016/j.tics.2011.05.009,"abstract (defence against ""prefrontal activity reflects attention but not awareness"" and ""prefrontal lesion does not abolish awareness""); auxiliary evidence Rounis et al. 2010 (dlPFC theta-burst TMS lowers visibility/metacognitive sensitivity with d prime intact)",abstract-only,2,True,YES,,,,Prefrontal involvement in awareness reports; global ignition reproduced as a consequence of asymmetric state-space inference.,Fleming 2020,10.1093/nc/niz020,,author1,1,,,
HOTxM4a,HOT,Higher-order theory (HOT / HOROR),trial-level,added-in-revision,M4a,access to interoceptive content as content,,INTERPRETED,positive,effect,Interoceptive/survival-circuit inputs become conscious content through the same higher-order mechanism as exteroceptive inputs.,LeDoux & Brown 2017,10.1073/pnas.1619316114,abstract (what differs in emotional and non-emotional states are the inputs processed by a general cortical network),abstract-only,2,True,,IMPLICIT,,,,,,,author1,1,,,
HOTxM4b,HOT,Higher-order theory (HOT / HOROR),trial-level,added-in-revision,M4b,visceral modulation of access to exteroceptive content,,NOT_LOCATED,,,No statement located on visceral modulation of access to exteroceptive content.,Lau & Rosenthal 2011,10.1016/j.tics.2011.05.009,no statement located,abstract-only,2,True,,NO,,,,,,,author1,1,,,
HOTxM4c,HOT,Higher-order theory (HOT / HOROR),trial-level,added-in-revision,M4c,conscious involvement in purely autonomic conflict,,INTERPRETED,positive,effect,Autonomic/survival-circuit inputs can enter a higher-order emotional state; whether a purely autonomic conflict does so is not stated.,LeDoux & Brown 2017,10.1073/pnas.1619316114,"abstract (subcortical circuits ""provide nonconscious inputs that coalesce with other kinds of neural signals in the cognitive assembly of conscious emotional experiences"")",abstract-only,1,True,,IMPLICIT,,,,,,,author1,1,,,
HOSSxM1,HOSS,Higher-order state space (HOSS),trial-level,submitted-v1,M1,number of simultaneously competing action policies,,NOT_LOCATED,,,"Higher-order state space is defined over perceptual states, not action policies.",Fleming 2020,10.1093/nc/niz020,Section 3 Hypothesis (state space defined over perceptual generative models),full-text,2,True,NO,,,,"Higher-order state space is defined over perceptual generative models, not over action policies.",Fleming 2020,10.1093/nc/niz020,,author1,1,,,
HOSSxM2,HOSS,Higher-order state space (HOSS),trial-level,submitted-v1,M2,incompatibility of the competing policies,,NOT_LOCATED,,,No conflict-magnitude term.,Fleming 2020,10.1093/nc/niz020,Sections 3-4 (Model),full-text,2,True,NO,,,,No conflict-magnitude term.,Fleming 2020,10.1093/nc/niz020,,author1,1,,,
HOSSxM3,HOSS,Higher-order state space (HOSS),trial-level,submitted-v1,M3,valence,,NOT_LOCATED,,,No statement on valence located in the HOSS source.,Fleming 2020,10.1093/nc/niz020,whole text searched for valence/emotion: none,full-text,2,True,IMPLICIT,,,Split cell: the legacy IMPLICIT rests on LeDoux & Brown 2017 (HOT); Fleming 2020 contains no statement on valence. Entered NOT_LOCATED for the HOSS row; legacy code kept on the HOT row.,"Higher-order theory has been extended to emotional consciousness, but the extension asserts a common higher-order mechanism rather than predicting differential access thresholds for valenced content.",LeDoux & Brown 2017,10.1073/pnas.1619316114,,author1,1,,,
HOSSxM5,HOSS,Higher-order state space (HOSS),trial-level,submitted-v1,M5,organism-wide cortical–autonomic coherence,,NOT_LOCATED,,,Awareness inference is cortical/prefrontal; no organism-wide coherence claim.,Fleming 2020,10.1093/nc/niz020,Section 5 Empirical predictions (prefrontal encoding),full-text,2,True,NO,,,,Awareness is local and prefrontal; no organism-wide coherence claim.,Fleming 2020,10.1093/nc/niz020,,author1,1,,,
HOSSxM6,HOSS,Higher-order state space (HOSS),trial-level,submitted-v1,M6,dimensionality of phenomenal structure,P10,EXPLICIT,positive,constitution,The awareness state is one-dimensional (absent to present) and nested asymmetrically above a high-dimensional perceptual space.,Fleming 2020,10.1093/nc/niz020,"abstract and Section 3 Hypothesis (""one-dimensional continuum from absent to present""; asymmetric nesting, Figure 1D); Section 7 (""the higher-order awareness state is simple and low-dimensional"")",full-text,3,True,YES,,,,HOSS makes the sharp claim that the awareness state is low-dimensional — a 1D continuum from absent to present — nested asymmetrically above a high-dimensional perceptual space.,Fleming 2020,10.1093/nc/niz020,,author1,1,,,
HOSSxM7,HOSS,Higher-order state space (HOSS),trial-level,submitted-v1,M7,metacognitive sensitivity,P28,EXPLICIT,positive,marker,Awareness reports are metacognitive inferences over a generative model; confidence in content and inference on presence dissociate.,Fleming 2020,10.1093/nc/niz020,"abstract (""awareness reports as metacognitive decisions (inference)""); Section 4 Model and Figure 4 (dissociation of confidence in identity from the presence/absence inference)",full-text,2,True,YES,,,,"Core measurable: metacognitive sensitivity/efficiency (meta-d prime), calibration of confidence, and its dissociation from first-order performance.",Maniscalco & Lau 2012,10.1016/j.concog.2011.09.021,,author1,1,,,
HOSSxM8,HOSS,Higher-order state space (HOSS),trial-level,submitted-v1,M8,cortical signature of access,P29,EXPLICIT,positive,marker,Frontoparietal ignition follows from asymmetric inference on presence; prefrontal cortex should encode the awareness state symmetrically for presence and absence.,Fleming 2020,10.1093/nc/niz020,"Section 4.1 Simulations and Section 5 Empirical predictions (asymmetric ""global ignition"" for reports of presence; symmetric encoding of presence and absence in lateral/anterior PFC)",full-text,2,True,YES,,,,Prefrontal involvement in awareness reports; global ignition reproduced as a consequence of asymmetric state-space inference.,Fleming 2020,10.1093/nc/niz020,,author1,1,,,
HOSSxM4a,HOSS,Higher-order state space (HOSS),trial-level,added-in-revision,M4a,access to interoceptive content as content,,NOT_LOCATED,,,,Fleming 2020,10.1093/nc/niz020,whole text searched: no statement on interoceptive content as content (only Section 6 on interoceptive input as a precision cue),full-text,1,True,,IMPLICIT,,HOSS row carries the first coder's merged-row code; Fleming 2020 contains no statement on interoceptive content as content. NOT_LOCATED is the code the source supports.,,,,,author1,1,INTERPRETED,positive,"24 Sep 2026, first coder: code brought into line with the cell's own adjudication note (the previous code was the merged HOT/HOSS row's code / the YES-vs-IMPLICIT boundary rule applied); flag retained for coder 2 review."
HOSSxM4b,HOSS,Higher-order state space (HOSS),trial-level,added-in-revision,M4b,visceral modulation of access to exteroceptive content,,NOT_LOCATED,,,No prediction stated; but Section 6 names interoceptive input as a cue that informs the precision beliefs which resolve the awareness state.,Fleming 2020,10.1093/nc/niz020,"Section 6 Role of precision estimation (""Another source of information about sensory precision is proprioceptive and interoceptive input about bodily states"")",full-text,2,True,,NO,,First-coder code NO; Fleming 2020 Section 6 states a mechanism by which interoceptive input informs the inference on awareness of exteroceptive content - a constructed positive prediction needs no new machinery (INTERPRETED defensible). Code kept as given.,,,,,author1,1,,,
HOSSxM4c,HOSS,Higher-order state space (HOSS),trial-level,added-in-revision,M4c,conscious involvement in purely autonomic conflict,,NOT_LOCATED,,,,Fleming 2020,10.1093/nc/niz020,whole text searched: no statement,full-text,1,True,,IMPLICIT,,HOSS row carries the first coder's merged-row code; Fleming 2020 contains no statement on autonomic conflict. NOT_LOCATED is the code the source supports.,,,,,author1,1,INTERPRETED,positive,"24 Sep 2026, first coder: code brought into line with the cell's own adjudication note (the previous code was the merged HOT/HOSS row's code / the YES-vs-IMPLICIT boundary rule applied); flag retained for coder 2 review."
IITxM1,IIT,IIT (3.0/4.0),trial-level,submitted-v1,M1,number of simultaneously competing action policies,,NOT_LOCATED,,,The number of competing action policies is not a term of the formalism.,Albantakis et al. 2023,10.1371/journal.pcbi.1011465,postulates (cause-effect structure of a substrate in a state),full-text,2,False,NO,,,,phi is computed on the cause-effect structure of a substrate in a state; the number of competing action policies is not a term in the formalism.,Albantakis et al. 2023,10.1371/journal.pcbi.1011465,,author1,1,,,
IITxM2,IIT,IIT (3.0/4.0),trial-level,submitted-v1,M2,incompatibility of the competing policies,,NOT_LOCATED,,,Incompatibility of behavioural options is not a term of the formalism.,Albantakis et al. 2023,10.1371/journal.pcbi.1011465,integration/exclusion postulates,full-text,2,False,NO,,,,"Exclusion/integration postulates concern partitions of the substrate, not incompatibility of behavioural options.",Albantakis et al. 2023,10.1371/journal.pcbi.1011465,,author1,1,,,
IITxM3,IIT,IIT (3.0/4.0),trial-level,submitted-v1,M3,valence,,NOT_LOCATED,,,Affect is listed among non-essential properties of experience; no prediction over valence and access is stated.,Albantakis et al. 2023,10.1371/journal.pcbi.1011465,p. 4 (candidate properties that are not essential: affect listed; experiences lacking them held conceivable and achievable),full-text,2,False,NO,,,"Legacy NO; the cited passage (p. 4) states that affect is not an essential property of experience, which can be read as an EXPLICIT null over the constitutive role of valence rather than as silence; NOT_APPLICABLE is not warranted because IIT does not exclude the domain from its scope.",IIT 4.0 explicitly lists affect among candidate properties of experience that are NOT essential — experiences lacking it are held to be conceivable and achievable; valence is therefore excluded from the axioms.,Albantakis et al. 2023,10.1371/journal.pcbi.1011465,,author1,1,,,
IITxM5,IIT,IIT (3.0/4.0),trial-level,submitted-v1,M5,organism-wide cortical–autonomic coherence,,NOT_LOCATED,,,No organism-wide coherence prediction; the main complex may be a cortical subset.,Albantakis et al. 2023,10.1371/journal.pcbi.1011465,exclusion postulate (main complex),full-text,2,False,NO,,,,No organism-wide coherence prediction; the main complex may be a cortical subset.,Albantakis et al. 2023,10.1371/journal.pcbi.1011465,,author1,1,,,
IITxM6,IIT,IIT (3.0/4.0),trial-level,submitted-v1,M6,dimensionality of phenomenal structure,P07,EXPLICIT,positive,constitution,"The quality of experience is identical to the structure of distinctions and relations unfolded from the substrate; this fixes the geometry, hence dimensionality, of phenomenal structure.",Albantakis et al. 2023,10.1371/journal.pcbi.1011465,"abstract and p. 4 (identity of the quality of experience with the unfolded cause-effect structure); Melloni 2023 prediction 2 (pp. 4-5: ""an experience is a structure"")",full-text,3,False,YES,,,,"The quality of experience is identified with the structure of distinctions and relations unfolded from the substrate — a formal claim about the geometry, hence dimensionality, of phenomenal space.",Albantakis et al. 2023,10.1371/journal.pcbi.1011465,,author1,1,,,
IITxM7,IIT,IIT (3.0/4.0),trial-level,submitted-v1,M7,metacognitive sensitivity,,NOT_LOCATED,,,Metacognitive accuracy is not a theoretical quantity; report is not required.,Albantakis et al. 2023,10.1371/journal.pcbi.1011465,axioms/postulates (no metacognitive term),full-text,2,False,NO,,,,Metacognitive accuracy is not a theoretical quantity; report is not required for phi.,Albantakis et al. 2023,10.1371/journal.pcbi.1011465,,author1,1,,,
IITxM8,IIT,IIT (3.0/4.0),trial-level,submitted-v1,M8,cortical signature of access,P04;P05;P06;P31,EXPLICIT,positive,marker,"Sustained, content-specific activity and short-range synchrony within a posterior hot zone for the duration of the percept; sustained posterior synchrony not found in Cogitate 2025.",Melloni et al. 2023 (Cogitate protocol); Cogitate Consortium et al. 2025,10.1371/journal.pone.0268577; 10.1038/s41586-025-08888-1,"Melloni et al. 2023 predictions 1, 2, 3, 5 (pp. 4-6); Cogitate 2025 abstract (""lack of sustained synchronization within the posterior cortex"")",full-text,3,False,YES,,,,"Sustained posterior synchronisation within a posterior ""hot zone"" for the duration of the percept; tested and challenged by the adversarial collaboration.",Cogitate Consortium et al. 2025,10.1038/s41586-025-08888-1,,author1,4,,,
IITxM4a,IIT,IIT (3.0/4.0),trial-level,added-in-revision,M4a,access to interoceptive content as content,,NOT_LOCATED,,,No statement located on access to interoceptive content as content.,Albantakis et al. 2023,10.1371/journal.pcbi.1011465,no statement located,full-text,2,True,,NO,,,,,,,author1,1,,,
IITxM4b,IIT,IIT (3.0/4.0),trial-level,added-in-revision,M4b,visceral modulation of access to exteroceptive content,,NOT_LOCATED,,,No statement located on visceral modulation of access to exteroceptive content.,Albantakis et al. 2023,10.1371/journal.pcbi.1011465,no statement located,full-text,2,True,,NO,,,,,,,author1,1,,,
IITxM4c,IIT,IIT (3.0/4.0),trial-level,added-in-revision,M4c,conscious involvement in purely autonomic conflict,,NOT_LOCATED,,,No statement located on conscious involvement in purely autonomic conflict.,Albantakis et al. 2023,10.1371/journal.pcbi.1011465,no statement located,full-text,2,True,,NO,,,,,,,author1,1,,,
NSFxM1,NSF,Neural subjective frame,trial-level,added-in-revision,M1,number of simultaneously competing action policies,,NOT_LOCATED,,,No statement relates access to the number of competing policies.,Park & Tallon-Baudry 2014,10.1098/rstb.2013.0208,abstract,abstract-only,2,False,NO,,,,No statement relates access to the number of competing action policies.,Park & Tallon-Baudry 2014,10.1098/rstb.2013.0208,,author1,1,,,
NSFxM2,NSF,Neural subjective frame,trial-level,added-in-revision,M2,incompatibility of the competing policies,,NOT_LOCATED,,,Policy incompatibility is not a variable in the proposal.,Park & Tallon-Baudry 2014,10.1098/rstb.2013.0208,abstract,abstract-only,2,False,NO,,,,Policy incompatibility is not a variable in the proposal.,Park & Tallon-Baudry 2014,10.1098/rstb.2013.0208,,author1,1,,,
NSFxM3,NSF,Neural subjective frame,trial-level,added-in-revision,M3,valence,,INTERPRETED,positive,effect,The frame could underlie emotional feelings and HERs contribute to preference-based decisions; no valence-dependent access prediction is stated.,Azzalini et al. 2021; Park & Tallon-Baudry 2014,10.1523/jneurosci.1932-20.2021; 10.1098/rstb.2013.0208,abstract (heartbeat-evoked responses in vmPFC couple to the precision of value encoding); Park & Tallon-Baudry 2014 abstract (frame could underlie emotional feelings),abstract-only,2,False,IMPLICIT,,,,"The frame could also underlie emotional feelings and vmPFC heartbeat-evoked responses contribute to preference-based decisions, but no valence-dependent access prediction is stated.",Azzalini et al. 2021,10.1523/jneurosci.1932-20.2021,,author1,1,,,
NSFxM5,NSF,Neural subjective frame,trial-level,added-in-revision,M5,organism-wide cortical–autonomic coherence,,INTERPRETED,positive,marker,A cortical response to one visceral signal predicts access independently of bodily state; no organism-wide joint metric.,"Tallon-Baudry, Campana, Park & Babo-Rebelo 2018",10.1016/j.cortex.2017.05.019,"abstract (neural monitoring of visceral inputs, rather than bodily state, affects perception)",abstract-only,2,False,IMPLICIT,,,,"A cortical response to one visceral signal predicts access, independently of measured bodily state; no organism-wide joint cortical–autonomic metric is specified.",Tallon-Baudry et al. 2018,10.1016/j.cortex.2017.05.019,,author1,1,,,
NSFxM6,NSF,Neural subjective frame,trial-level,added-in-revision,M6,dimensionality of phenomenal structure,,INTERPRETED,positive,constitution,"Dimensionality and topology of experience are posed as open questions, without a quantitative prediction.",Tallon-Baudry 2022,10.1016/j.tics.2022.09.002,abstract (dimensions and topology of subjective experience posed as questions),abstract-only,1,False,IMPLICIT,,,Legacy IMPLICIT rests on an open question rather than a stated commitment; NOT_LOCATED is defensible. | 24 Sep 2026: full text not reachable from the sandbox (publisher-closed); code rests on the abstract and is provisional until the PDF is read by the first coder.,"The dimensionality and topology of subjective experience are posed as open questions, without a quantitative prediction.",Tallon-Baudry 2022,10.1016/j.tics.2022.09.002,,author1,1,,,
NSFxM7,NSF,Neural subjective frame,trial-level,added-in-revision,M7,metacognitive sensitivity,,NOT_LOCATED,,,The frame is a low-level building block; no claim about metarepresentational precision.,Park & Tallon-Baudry 2014,10.1098/rstb.2013.0208,"abstract (""not explicitly experienced by itself"")",abstract-only,2,False,NO,,,,The frame is a low-level building block not explicitly experienced by itself; no claim about metarepresentational precision.,Park & Tallon-Baudry 2014,10.1098/rstb.2013.0208,,author1,1,,,
NSFxM8,NSF,Neural subjective frame,trial-level,added-in-revision,M8,cortical signature of access,,INTERPRETED,positive,marker,"Pre-stimulus HER amplitude in rIPL/vACC is a stated cortical predictor of detection, framed as a precondition rather than the access signature itself.","Park, Correia, Ducorps & Tallon-Baudry 2014",10.1038/nn.3671,"abstract (right inferior parietal lobule, ventral anterior cingulate)",abstract-only,2,False,IMPLICIT,,,,"Pre-stimulus heartbeat-evoked response amplitude in right inferior parietal and ventral anterior cingulate cortex is a stated cortical predictor of detection, framed as a precondition rather than as the signature of access itself.",Park et al. 2014,10.1038/nn.3671,,author1,1,,,
NSFxM4a,NSF,Neural subjective frame,trial-level,added-in-revision,M4a,access to interoceptive content as content,,INTERPRETED,stated_null,marker,Visceral monitoring furnishes the subjective frame but is not itself experienced as content - a constructed null for interoceptive content as content.,Park & Tallon-Baudry 2014,10.1098/rstb.2013.0208,"abstract (""a low-level building block of subjective experience which is not explicitly experienced by itself"")",abstract-only,2,True,,IMPLICIT,,,,,,"monitoring, not experience of the heartbeat (user note) | polarity 'null' restored from claim_text during integration (was blank)",author1,1,,,
NSFxM4b,NSF,Neural subjective frame,trial-level,added-in-revision,M4b,visceral modulation of access to exteroceptive content,P20,EXPLICIT,positive,modulation,"Cortical responses to heartbeats before stimulus onset modulate access to exteroceptive content, independently of measured bodily state.","Park, Correia, Ducorps & Tallon-Baudry 2014; Tallon-Baudry, Campana, Park & Babo-Rebelo 2018",10.1038/nn.3671; 10.1016/j.cortex.2017.05.019,"Park et al. 2014 abstract (pre-stimulus heartbeat-locked responses in rIPL/vACC predict detection; not explained by bodily parameters or excitability); Tallon-Baudry et al. 2018 abstract (neural monitoring of the heart affects visual perception, specific role distinct from attention); Park & Tallon-Baudry 2014 abstract",abstract-only,3,True,,YES,,24 Sep 2026: full text not reachable from the sandbox (publisher-closed); code rests on the abstract and is provisional until the PDF is read by the first coder.,,,,,author1,1,,,
NSFxM4c,NSF,Neural subjective frame,trial-level,added-in-revision,M4c,conscious involvement in purely autonomic conflict,,NOT_LOCATED,,,No statement located on conscious involvement in purely autonomic conflict.,Park & Tallon-Baudry 2014,10.1098/rstb.2013.0208,no statement located,abstract-only,2,True,,NO,,,,,,,author1,1,,,
PFTxM1,PFT,Passive frame theory,trial-level,added-in-revision,M1,number of simultaneously competing action policies,,INTERPRETED,stated_null,effect,The field presents contents whether one or many inclinations are present; number is not a trial-level predictor.,"Morsella, Godwin, Jantz, Krieger & Gazzaley 2016 (BBS target article; cited as Morsella et al. 2015 in v1.3)",10.1017/S0140525X15000643,Section 4.3 (the field as a frame) and Section 2.5; endnote 8 (p. 16),full-text,2,False,IMPLICIT,,,,"The function of the conscious field is still stated as integration of multiple skeletomotor inclinations, but the passive-frame formulation makes no trial-level prediction from their number: the field presents contents whether one or many inclinations are present.",Morsella et al. 2015,10.1017/s0140525x15000643,polarity 'null' restored from claim_text during integration (was blank),author1,1,,,
PFTxM2,PFT,Passive frame theory,trial-level,added-in-revision,M2,incompatibility of the competing policies,,INTERPRETED,stated_null,effect,Incompatibility is what downstream systems resolve using field contents; the field operates whether or not conflict is present.,"Heredia Cedillo, Lambert & Morsella 2024; Morsella, Godwin, Jantz, Krieger & Gazzaley 2016 (BBS target article; cited as Morsella et al. 2015 in v1.3)",10.3390/bs14040337; 10.1017/S0140525X15000643,abstract; Morsella et al. 2016 BBS Sections 4.2-4.3,abstract-only,2,False,IMPLICIT,,,,"Incompatibility is what downstream systems resolve using the field's contents, but the field is stated to operate blindly whether or not conflict is present, so incompatibility is no longer a predictor of access (cf. §4).","Heredia Cedillo, Lambert & Morsella 2024",10.3390/bs14040337,polarity 'null' restored from claim_text during integration (was blank),author1,1,,,
PFTxM3,PFT,Passive frame theory,trial-level,added-in-revision,M3,valence,,INTERPRETED,stated_null,effect,Affective contents enter the field but no valence-dependent access prediction is stated.,"Morsella, Godwin & Jantz 2016 (BBS reply)",10.1017/s0140525x15002812,abstract (reply to commentators),abstract-only,1,False,IMPLICIT,,,,The reply to commentators accepts that affective contents enter the field but states no valence-dependent access prediction.,"Morsella, Godwin & Jantz 2016",10.1017/s0140525x15002812,polarity 'null' restored from claim_text during integration (was blank),author1,1,,,
PFTxM5,PFT,Passive frame theory,trial-level,added-in-revision,M5,organism-wide cortical–autonomic coherence,,NOT_LOCATED,,,The frame is scoped to skeletal-muscle output; no cortical-autonomic coherence variable.,"Morsella, Godwin, Jantz, Krieger & Gazzaley 2016 (BBS target article; cited as Morsella et al. 2015 in v1.3)",10.1017/S0140525X15000643,abstract; Section 6 (p. 15),full-text,2,False,NO,,,,The frame is scoped to skeletal-muscle output; no organism-wide cortical–autonomic coherence variable is proposed.,Morsella et al. 2015,10.1017/s0140525x15000643,,author1,1,,,
PFTxM6,PFT,Passive frame theory,trial-level,added-in-revision,M6,dimensionality of phenomenal structure,,NOT_LOCATED,,,No dimensionality prediction; the field is described as low-level.,"Morsella, Godwin, Jantz, Krieger & Gazzaley 2016 (BBS target article; cited as Morsella et al. 2015 in v1.3)",10.1017/S0140525X15000643,Section 4.3,full-text,2,False,NO,,,,No dimensionality prediction; the field is described as low-level and unintelligent.,Morsella et al. 2015,10.1017/s0140525x15000643,,author1,1,,,
PFTxM7,PFT,Passive frame theory,trial-level,added-in-revision,M7,metacognitive sensitivity,,NOT_LOCATED,,,"The frame is passive; contents are not evaluated, so metarepresentational precision plays no role.","Morsella, Godwin, Jantz, Krieger & Gazzaley 2016 (BBS target article; cited as Morsella et al. 2015 in v1.3)",10.1017/S0140525X15000643,Sections 4.1 and 4.3 (contents presented without being evaluated),full-text,2,False,NO,,,"Legacy NO; the justification (""plays no role"") is phrased as a stated denial and could be read as an EXPLICIT null; the source passages describe the field as passive but do not state a prediction over metacognitive measures. Kept NOT_LOCATED.","The frame is passive: contents are presented without being evaluated, so metarepresentational precision plays no role.",Morsella et al. 2015,10.1017/s0140525x15000643,,author1,1,,,
PFTxM8,PFT,Passive frame theory,trial-level,added-in-revision,M8,cortical signature of access,,NOT_APPLICABLE,,,The theory declines the implementation level by its own statement; no cortical signature is stated.,"Morsella, Godwin & Jantz 2016 (BBS reply)",10.1017/s0140525x15002812,"abstract (""does not address the implementation level of analysis"")",abstract-only,2,False,NO,,,,The theory explicitly declines the implementation level — how neurons produce conscious states is not part of the account — so no cortical signature of access is stated.,"Morsella, Godwin & Jantz 2016",10.1017/s0140525x15002812,,author1,1,,,
PFTxM4a,PFT,Passive frame theory,trial-level,added-in-revision,M4a,access to interoceptive content as content,,INTERPRETED,positive,effect,Bodily contents enter the field as action options for the skeletomotor system; no differential access prediction.,"Morsella, Godwin, Jantz, Krieger & Gazzaley 2016 (BBS target article; cited as Morsella et al. 2015 in v1.3)",10.1017/S0140525X15000643,"Section 1.1 (p. 2: basic consciousness includes tooth pain, urges to scratch); Section 3.2 (p. 8: ""conscious contents about the world and the body can be construed as action options"")",full-text,2,True,,IMPLICIT,,,,,,,author1,1,,,
PFTxM4b,PFT,Passive frame theory,trial-level,added-in-revision,M4b,visceral modulation of access to exteroceptive content,,NOT_LOCATED,,,No statement located on visceral modulation of access to exteroceptive content.,"Morsella, Godwin, Jantz, Krieger & Gazzaley 2016 (BBS target article; cited as Morsella et al. 2015 in v1.3)",10.1017/S0140525X15000643,no statement located,full-text,2,True,,NO,,,,,,,author1,1,,,
PFTxM4c,PFT,Passive frame theory,trial-level,added-in-revision,M4c,conscious involvement in purely autonomic conflict,P19,EXPLICIT,stated_null,scope,The conscious field serves the somatic nervous system; smooth-muscle integrations and conflicts proceed outside it.,"Morsella, Godwin, Jantz, Krieger & Gazzaley 2016 (BBS target article; cited as Morsella et al. 2015 in v1.3)",10.1017/S0140525X15000643,"Section 2.4 (p. 5: ""Integrations involving smooth muscle effectors (e.g., in peristalsis or in the pupillary reflex), too, can occur unconsciously""; ""conflicts at the stage of processing of action selection are experienced consciously, whereas conflicts at perceptual stages of processing are unconscious""); endnote 8 (p. 16)",full-text,3,True,,Y(neg),,,,,,"stated null for experienced conflict / exclusion from the field's function, not a denial of bodily feelings; stated null for experienced conflict / exclusion from the field's function, not a denial of bodily feelings | polarity 'null' restored from claim_text during integration (was blank)",author1,1,,,
PPxM1,PP,Predictive processing / beast machine,trial-level,submitted-v1,M1,number of simultaneously competing action policies,,NOT_LOCATED,,,Policy cardinality is not a predictor of access.,Clark 2013,10.1017/s0140525x12000477,abstract,abstract-only,2,False,NO,,,,Precision-weighted prediction error is the currency; policy cardinality is not a predictor of access.,Clark 2013,10.1017/s0140525x12000477,,author1,1,,,
PPxM2,PP,Predictive processing / beast machine,trial-level,submitted-v1,M2,incompatibility of the competing policies,,NOT_LOCATED,,,,"Pezzulo, Rigoli & Friston 2018",10.1016/j.tics.2018.01.009,"Pezzulo et al. 2018, section 'Motivated control as hierarchical active inference' and Box 2 (conflict within and across hierarchical levels; policy competition); Figure 1 'waiting game' (go vs stop competition). No consciousness statement in any section.",full-text,2,False,IMPLICIT,,,Legacy IMPLICIT; the v1.3 justification addresses how many policies compete (M1 wording) rather than their incompatibility (M2); polarity of the constructed prediction is indeterminate.,"Policy selection appears as active inference over competing policies, but the consciousness-relevant predictions are about inference, not about how many policies compete.","Pezzulo, Rigoli & Friston 2018",10.1016/j.tics.2018.01.009,,author1,1,INTERPRETED,positive,"24 Sep 2026, first coder after full-text reading: INTERPRETED requires a located passage from which the M2 prediction follows in one step. The located passages give a mechanism for resolving conflict between policies (precision-weighted competition), but reaching a consciousness prediction needs an additional premise (e.g., that access tracks preci Sections searched: Pezzulo et al. 2018 full text (PMC author manuscript; all sections incl. Boxes 1-3 and figure legends) for conflict*, incompatib*, mutually exclusive, compet*, alternative/multiple policies, conscious"
PPxM3,PP,Predictive processing / beast machine,trial-level,submitted-v1,M3,valence,P13,EXPLICIT,positive,constitution,Felt valence is identified with the rate of change of free energy; positive when prediction error decreases.,Joffily & Coricelli 2013; Seth 2013,10.1371/journal.pcbi.1003094; 10.1016/j.tics.2013.09.007,abstract (valence defined as the negative rate of change of free energy),abstract-only,3,False,YES,,,,"Valence is derived: emotion is interoceptive inference, and valence has been formally linked to the rate of change of free energy.",Joffily & Coricelli 2013,10.1371/journal.pcbi.1003094,,author1,1,,,
PPxM5,PP,Predictive processing / beast machine,trial-level,submitted-v1,M5,organism-wide cortical–autonomic coherence,,INTERPRETED,positive,marker,"Allostasis is organism-wide, but no joint cortical-autonomic coherence metric is proposed as a criterion of access.",Kleckner et al. 2017,10.1038/s41562-017-0069,abstract (large-scale allostatic/interoceptive system),abstract-only,2,False,IMPLICIT,,,,"Allostasis is organism-wide and a large-scale interoceptive-allostatic system has been identified, but no joint cortical-autonomic metric is proposed as a criterion of conscious access.",Kleckner et al. 2017,10.1038/s41562-017-0069,,author1,1,,,
PPxM6,PP,Predictive processing / beast machine,trial-level,submitted-v1,M6,dimensionality of phenomenal structure,,INTERPRETED,positive,constitution,Experience as compressed inference implies dimensionality reduction; no quantitative prediction.,Seth & Tsakiris 2018,10.1016/j.tics.2018.08.008,abstract (embodied selfhood as instrumental interoceptive inference; non-object-like character),abstract-only,1,False,IMPLICIT,,,,Experience as compressed inference implies dimensionality reduction; no quantitative prediction of phenomenal dimensionality.,Seth & Tsakiris 2018,10.1016/j.tics.2018.08.008,,author1,1,,,
PPxM7,PP,Predictive processing / beast machine,trial-level,submitted-v1,M7,metacognitive sensitivity,P15,EXPLICIT,positive,marker,Precision is the theory's control parameter; interoceptive metacognitive awareness dissociates from interoceptive accuracy.,Garfinkel et al. 2015; Seth & Friston 2016,10.1016/j.biopsycho.2014.11.004; 10.1098/rstb.2016.0007,"abstract (three dissociable dimensions: accuracy, sensibility, metacognitive awareness); Seth & Friston 2016 Section 2 (precision as the key control parameter)",abstract-only,2,False,YES,,,,"Precision (inverse variance) is the theory's own control parameter, and interoceptive accuracy is dissociated from interoceptive awareness/sensibility.",Garfinkel et al. 2015,10.1016/j.biopsycho.2014.11.004,,author1,1,,,
PPxM8,PP,Predictive processing / beast machine,trial-level,submitted-v1,M8,cortical signature of access,,INTERPRETED,positive,marker,Predictive processing offers a basis for mapping neural correlates but commits to no single cortical access signature.,Hohwy & Seth 2020,10.33735/phimisci.2020.ii.64,abstract (systematic basis for identifying neural correlates; no single signature committed),abstract-only,2,False,IMPLICIT,,,,Offers a systematic basis for identifying neural correlates but does not commit to a single cortical access signature.,Hohwy & Seth 2020,10.33735/phimisci.2020.ii.64,,author1,1,,,
PPxM4a,PP,Predictive processing / beast machine,trial-level,added-in-revision,M4a,access to interoceptive content as content,P14,EXPLICIT,positive,constitution,Feeling states are the content of interoceptive predictions; interoceptive content is accessed as emotional content.,Seth & Friston 2016; Seth 2013,10.1098/rstb.2016.0007; 10.1016/j.tics.2013.09.007,"Section 3 Interoceptive inference (""emotional content is determined by beliefs ... about the causes of interoceptive signals""); Section 5 Concluding remarks (""emotional feeling states can be seen as the joint content of interoceptive predictions""; key prediction iii)",full-text,3,True,,YES,,,,,,,author1,1,,,
PPxM4b,PP,Predictive processing / beast machine,trial-level,added-in-revision,M4b,visceral modulation of access to exteroceptive content,P27,INTERPRETED,positive,modulation,Interoceptive signalling shapes perception of external stimuli via precision-weighted multimodal inference.,Seth & Friston 2016,10.1098/rstb.2016.0007,"Section 5 Concluding remarks (""interoceptive signalling shapes experiences of self, and also of perceptions of stimuli originating from the external environment (e.g. [94, 95])""); Section 4 (cardio-visual feedback alters bodily self-consciousness)",full-text,1,True,,YES,,The Section 5 sentence reports reviewed evidence (Salomon et al. 2016; Garfinkel et al. 2014) rather than a prediction of the framework; the listed key predictions (i)-(iii) do not include exteroceptive modulation. Under the YES-vs-IMPLICIT boundary rule this reads as INTERPRETED. First-coder code kept.,,,,,author1,1,EXPLICIT,positive,"24 Sep 2026, first coder: code brought into line with the cell's own adjudication note (the previous code was the merged HOT/HOSS row's code / the YES-vs-IMPLICIT boundary rule applied); flag retained for coder 2 review."
PPxM4c,PP,Predictive processing / beast machine,trial-level,added-in-revision,M4c,conscious involvement in purely autonomic conflict,,INTERPRETED,positive,sufficiency,"The mechanism (interoceptive prediction error resolved by autonomic reflexes, feeding affective content) is stated; the condition of a purely autonomic conflict without a skeletomotor plan is not named.",Seth & Friston 2016; Seth 2016 (BBS commentary e196),10.1098/rstb.2016.0007; 10.1017/S0140525X15002265,"Section 3 (autonomic reflexes enslaved by descending interoceptive predictions; interoceptive prediction error drives sympathetic/parasympathetic effectors); Section 5 key prediction (iii) (""emotional or affective contents depend primarily on interoceptive predictions rather than prediction errors""); Seth 2016 BBS commentary e196 (""internal actions make strong contributions to (affective) conscious contents"")",full-text,1,True,,IMPLICIT,,"FIRST CELL FOR ADJUDICATION. Mechanism stated, condition not named (first-coder note). Note also that key prediction (iii) of Seth & Friston 2016 assigns affective content to interoceptive predictions rather than prediction errors, so the derived P24 (""unresolved interoceptive prediction error yields a feeling"") needs an auxiliary assumption about how unresolved error updates predictions.",,,,"mechanism stated, condition not named — first cell for adjudication (user note)",author1,1,,,
RPTxM1,RPT,Recurrent processing (RPT),trial-level,submitted-v1,M1,number of simultaneously competing action policies,,NOT_LOCATED,,,No term for competing policies located.,Lamme 2006,10.1016/j.tics.2006.09.001,abstract,abstract-only,2,False,NO,,,,Phenomenality is fixed by local recurrent interaction in sensory cortex; no term for competing policies.,Lamme 2006,10.1016/j.tics.2006.09.001,,author1,1,,,
RPTxM2,RPT,Recurrent processing (RPT),trial-level,submitted-v1,M2,incompatibility of the competing policies,,NOT_LOCATED,,,No prediction over conflict magnitude located.,Lamme 2006,10.1016/j.tics.2006.09.001,abstract,abstract-only,2,False,NO,,,,No prediction over conflict magnitude.,Lamme 2006,10.1016/j.tics.2006.09.001,,author1,1,,,
RPTxM3,RPT,Recurrent processing (RPT),trial-level,submitted-v1,M3,valence,,NOT_LOCATED,,,"Recurrence is specified over sensory sweeps, indifferent to valence.",Lamme & Roelfsema 2000,10.1016/s0166-2236(00)01657-x,abstract (feedforward vs recurrent sweeps),abstract-only,2,False,NO,,,,"Recurrence is specified over feedforward/feedback sensory sweeps, indifferent to content valence.",Lamme & Roelfsema 2000,10.1016/s0166-2236(00)01657-x,,author1,1,,,
RPTxM5,RPT,Recurrent processing (RPT),trial-level,submitted-v1,M5,organism-wide cortical–autonomic coherence,,NOT_LOCATED,,,No organism-wide coherence measure proposed.,Lamme 2006,10.1016/j.tics.2006.09.001,abstract,abstract-only,2,False,NO,,,"Legacy justification (""explicitly denies that global availability is required"") concerns global cortical availability, not cortical-autonomic coherence; the denial does not bear on M5 as defined and the code should rest on silence (NOT_LOCATED), as mapped. | 24 Sep 2026: full text not reachable from the sandbox (publisher-closed); code rests on the abstract and is provisional until the PDF is read by the first coder.",Explicitly denies that global availability is required for phenomenality.,Lamme 2006,10.1016/j.tics.2006.09.001,,author1,1,,,
RPTxM6,RPT,Recurrent processing (RPT),trial-level,submitted-v1,M6,dimensionality of phenomenal structure,,NOT_LOCATED,,,No dimensionality claim located.,Lamme 2006,10.1016/j.tics.2006.09.001,abstract,abstract-only,2,False,NO,,,,No dimensionality claim.,Lamme 2006,10.1016/j.tics.2006.09.001,,author1,1,,,
RPTxM7,RPT,Recurrent processing (RPT),trial-level,submitted-v1,M7,metacognitive sensitivity,,NOT_LOCATED,,,Report and metacognition are downstream of phenomenality by design; no precision prediction located.,Lamme 2006,10.1016/j.tics.2006.09.001,abstract,abstract-only,2,False,NO,,,,Report and metacognition are downstream of phenomenality by design.,Lamme 2006,10.1016/j.tics.2006.09.001,,author1,1,,,
RPTxM8,RPT,Recurrent processing (RPT),trial-level,submitted-v1,M8,cortical signature of access,P08,EXPLICIT,positive,necessity,"Local recurrent processing within visual cortex is necessary (and, per Lamme, sufficient) for phenomenal content, dissociable from later global/frontal signatures.",Lamme & Roelfsema 2000; Lamme 2006,10.1016/s0166-2236(00)01657-x; 10.1016/j.tics.2006.09.001,"abstract (""recurrent processing is necessary before ... the stimulus can enter consciousness""; feedforward sweep ""probably incapable of yielding visual awareness""); timing (~100-300 ms) carried from the v1.3 justification citing Lamme 2006",abstract-only,2,False,YES,,,,"Local recurrent processing in sensory areas, ~100-200 ms; dissociable from the late global signature.",Lamme & Roelfsema 2000,10.1016/s0166-2236(00)01657-x,,author1,1,,,
RPTxM4a,RPT,Recurrent processing (RPT),trial-level,added-in-revision,M4a,access to interoceptive content as content,,NOT_LOCATED,,,No statement located on access to interoceptive content as content.,Lamme 2006,10.1016/j.tics.2006.09.001,no statement located,abstract-only,2,True,,NO,,,,,,,author1,1,,,
RPTxM4b,RPT,Recurrent processing (RPT),trial-level,added-in-revision,M4b,visceral modulation of access to exteroceptive content,,NOT_LOCATED,,,No statement located on visceral modulation of access to exteroceptive content.,Lamme 2006,10.1016/j.tics.2006.09.001,no statement located,abstract-only,2,True,,NO,,,,,,,author1,1,,,
RPTxM4c,RPT,Recurrent processing (RPT),trial-level,added-in-revision,M4c,conscious involvement in purely autonomic conflict,,NOT_LOCATED,,,No statement located on conscious involvement in purely autonomic conflict.,Lamme 2006,10.1016/j.tics.2006.09.001,no statement located,abstract-only,2,True,,NO,,,,,,,author1,1,,,
SITxM1,SIT,Supramodular interaction theory (SIT),trial-level,submitted-v1,M1,number of simultaneously competing action policies,P16,EXPLICIT,positive,effect,"Phenomenal states are required when two or more supramodular inclinations converge on the skeletomotor output system - a threshold (1 vs >= 2), not a monotonic count effect.","Morsella 2005; Morsella, Godwin, Jantz, Krieger & Gazzaley 2016 (BBS target article; cited as Morsella et al. 2015 in v1.3)",10.1037/0033-295X.112.4.1000; 10.1017/S0140525X15000643,"abstract (PRISM: supramodular systems ""may conflict with skeletal muscle plans""; phenomenal states permit their interaction); Morsella et al. 2016 BBS Section 2.4 (p. 5)",abstract-only,3,False,YES,,,,"PRISM: phenomenal states are required when multiple supramodular systems send simultaneous, competing inclinations to the skeletomotor output system — the number of concurrent inclinations is the theory's own trigger variable.",Morsella 2005,10.1037/0033-295x.112.4.1000,,author1,1,,,
SITxM2,SIT,Supramodular interaction theory (SIT),trial-level,submitted-v1,M2,incompatibility of the competing policies,P17,EXPLICIT,positive,effect,Sustaining incompatible skeletomotor intentions produces stronger subjective effects than compatible intentions.,"Morsella, Gray, Krieger & Bargh 2009",10.1037/a0017121,"Studies 1-2 (arm and finger effectors): incompatible vs compatible intentions, activity ratings; abstract",full-text,3,False,YES,,,,Directly measured: merely sustaining incompatible skeletomotor intentions in a motionless state produces stronger subjective effects than compatible intentions.,"Morsella, Gray & Krieger 2009",10.1037/a0017121,,author1,1,,,
SITxM3,SIT,Supramodular interaction theory (SIT),trial-level,submitted-v1,M3,valence,,INTERPRETED,stated_null,effect,"Conscious conflict has affective consequences, but valence of content is not itself a predictor of access.","Morsella, Gray, Krieger & Bargh 2009",10.1037/a0017121,abstract and Discussion (conflict linked to affect and failures of self-control),full-text,2,False,IMPLICIT,,,,"Conscious conflict is described as having affective consequences and is linked to failures of self-control, but valence of content is not itself a predictor of access.","Morsella, Gray & Krieger 2009",10.1037/a0017121,polarity 'null' restored from claim_text during integration (was blank),author1,1,,,
SITxM5,SIT,Supramodular interaction theory (SIT),trial-level,submitted-v1,M5,organism-wide cortical–autonomic coherence,,NOT_LOCATED,,,No organism-wide coherence measure including autonomic channels is proposed.,Morsella 2005,10.1037/0033-295X.112.4.1000,abstract,abstract-only,2,False,NO,,,,Phenomenal states integrate systems competing for skeletal muscle; no organism-wide coherence measure including autonomic channels is proposed.,Morsella 2005,10.1037/0033-295x.112.4.1000,,author1,1,,,
SITxM6,SIT,Supramodular interaction theory (SIT),trial-level,submitted-v1,M6,dimensionality of phenomenal structure,,NOT_LOCATED,,,No dimensionality prediction.,Morsella 2005,10.1037/0033-295X.112.4.1000,abstract,abstract-only,2,False,NO,,,,No dimensionality prediction.,Morsella 2005,10.1037/0033-295x.112.4.1000,,author1,1,,,
SITxM7,SIT,Supramodular interaction theory (SIT),trial-level,submitted-v1,M7,metacognitive sensitivity,,NOT_LOCATED,,,Integration is co-presence of contents; metarepresentational precision plays no role.,Morsella 2005,10.1037/0033-295X.112.4.1000,abstract,abstract-only,2,False,NO,,,,Integration is stated as co-presence of contents; metarepresentational precision plays no role.,Morsella 2005,10.1037/0033-295x.112.4.1000,,author1,1,,,
SITxM8,SIT,Supramodular interaction theory (SIT),trial-level,submitted-v1,M8,cortical signature of access,,INTERPRETED,positive,marker,A candidate substrate (left postcentral cortex) is named for subjective conflict; no discriminating access signature is staked.,"Gray, Bargh & Morsella 2013",10.1007/s00221-013-3566-5,abstract (fMRI of the urge to err during Stroop conflict),abstract-only,1,False,IMPLICIT,,,,"Subjective conflict from sustained incompatible intentions was associated with left postcentral (somatosensory) cortex; a candidate substrate is named, but no discriminating cortical access signature is staked.","Gray, Bargh & Morsella 2013",10.1007/s00221-013-3566-5,,author1,1,,,
SITxM4a,SIT,Supramodular interaction theory (SIT),trial-level,added-in-revision,M4a,access to interoceptive content as content,,INTERPRETED,positive,effect,"Bodily-need inclinations enter phenomenal states when they bear on skeletomotor action; interoceptive content is accessed as an inclination, not predicted to differ in access from exteroceptive content.","Morsella 2005; Morsella, Godwin, Jantz, Krieger & Gazzaley 2016 (BBS target article; cited as Morsella et al. 2015 in v1.3)",10.1037/0033-295X.112.4.1000; 10.1017/S0140525X15000643,"abstract (supramodular systems ""defined by their concerns (e.g., instrumental action vs. certain bodily needs)""); Morsella et al. 2016 BBS Section 3 (p. 6: the creature is conscious of ""the urge to eat"")",abstract-only,2,True,,IMPLICIT,,,,,,,author1,1,,,
SITxM4b,SIT,Supramodular interaction theory (SIT),trial-level,added-in-revision,M4b,visceral modulation of access to exteroceptive content,,NOT_LOCATED,,,No statement located on visceral modulation of access to exteroceptive content.,Morsella 2005,10.1037/0033-295X.112.4.1000,no statement located,abstract-only,2,True,,NO,,,,,,,author1,1,,,
SITxM4c,SIT,Supramodular interaction theory (SIT),trial-level,added-in-revision,M4c,conscious involvement in purely autonomic conflict,P18,EXPLICIT,stated_null,effect,Conflict within a smooth-muscle (autonomic) effector without a skeletomotor plan produces no experienced conflict.,"Morsella, Gray, Krieger & Bargh 2009; Morsella 2005",10.1037/a0017121; 10.1037/0033-295X.112.4.1000,"smooth-muscle comparison study (pupillary light reflex under conflict vs no conflict; n = 14; t(13) = 0.90, p = .385; Appendix II; authors call the support ""initial (but far from conclusive)""); Morsella 2005 abstract (impenetrable conflicts: pupillary reflex); Morsella et al. 2016 BBS Section 2.4 (p. 5)",full-text,3,True,,Y(neg),,,,,,"stated null for experienced conflict / exclusion from the field's function, not a denial of bodily feelings; stated null for experienced conflict / exclusion from the field's function, not a denial of bodily feelings | polarity 'null' restored from claim_text during integration (was blank)",author1,1,,,
UALxM1,UAL,UAL,origin-level,submitted-v1,M1,number of simultaneously competing action policies,,NOT_LOCATED,,,"The transition marker is a learning capacity, not an arbitration load.","Birch, Ginsburg & Jablonka 2020",10.1007/s10539-020-09772-0,"Part I (hallmarks, Table 1, pp. 5-6) and Part II (predictions)",full-text,2,False,NO,,,,"The transition marker is a learning capacity, not an arbitration load.","Birch, Ginsburg & Jablonka 2020",10.1007/s10539-020-09772-0,,author1,1,,,
UALxM2,UAL,UAL,origin-level,submitted-v1,M2,incompatibility of the competing policies,,NOT_LOCATED,,,No incompatibility term.,"Birch, Ginsburg & Jablonka 2020",10.1007/s10539-020-09772-0,"Part I (hallmarks, Table 1, pp. 5-6) and Part II (predictions)",full-text,2,False,NO,,,,No incompatibility term.,"Birch, Ginsburg & Jablonka 2020",10.1007/s10539-020-09772-0,,author1,1,,,
UALxM3,UAL,UAL,origin-level,submitted-v1,M3,valence,P22,EXPLICIT,positive,constitution,Valence is a constitutive hallmark of the UAL profile: learning must be reinforceable by positive and negative evaluation.,"Birch, Ginsburg & Jablonka 2020",10.1007/s10539-020-09772-0,"Part I, sixth hallmark (evaluative system), Table 1 (pp. 5-6); p. 9 (pattern associated with positive or negative valence)",full-text,3,False,YES,,,,Valence is one of the constitutive hallmarks of the UAL profile: learning must be reinforceable by positive and negative evaluation of stimuli.,"Birch, Ginsburg & Jablonka 2020",10.1007/s10539-020-09772-0,,author1,1,,,
UALxM5,UAL,UAL,origin-level,submitted-v1,M5,organism-wide cortical–autonomic coherence,,INTERPRETED,positive,marker,Global accessibility and integration across the organism are hallmarks but not operationalised as a cortical-autonomic measurement.,"Birch, Ginsburg & Jablonka 2020",10.1007/s10539-020-09772-0,"Part I, hallmarks 1-2 (global accessibility, binding/unification), Table 1",full-text,1,False,IMPLICIT,,,,"""Global accessibility"" and integration across the organism are hallmarks, but not operationalised as a joint cortical-autonomic measurement.","Birch, Ginsburg & Jablonka 2020",10.1007/s10539-020-09772-0,,author1,1,,,
UALxM6,UAL,UAL,origin-level,submitted-v1,M6,dimensionality of phenomenal structure,,NOT_LOCATED,,,No dimensionality prediction.,"Birch, Ginsburg & Jablonka 2020",10.1007/s10539-020-09772-0,"Part I (hallmarks, Table 1, pp. 5-6) and Part II (predictions)",full-text,2,False,NO,,,,No dimensionality prediction.,"Birch, Ginsburg & Jablonka 2020",10.1007/s10539-020-09772-0,,author1,1,,,
UALxM7,UAL,UAL,origin-level,submitted-v1,M7,metacognitive sensitivity,,NOT_LOCATED,,,No metacognitive-precision prediction.,"Birch, Ginsburg & Jablonka 2020",10.1007/s10539-020-09772-0,"Part I (hallmarks, Table 1, pp. 5-6) and Part II (predictions)",full-text,2,False,NO,,,,No metacognitive-precision prediction.,"Birch, Ginsburg & Jablonka 2020",10.1007/s10539-020-09772-0,,author1,1,,,
UALxM8,UAL,UAL,origin-level,submitted-v1,M8,cortical signature of access,,NOT_APPLICABLE,,,Deliberately substrate-neutral and comparative; no cortical signature.,"Birch, Ginsburg & Jablonka 2020",10.1007/s10539-020-09772-0,"Part I (the marker is characterised in neural, cognitive, behavioural and phenomenological terms across taxa)",full-text,2,False,NO,,,,Deliberately substrate-neutral and comparative; no cortical signature.,"Birch, Ginsburg & Jablonka 2020",10.1007/s10539-020-09772-0,,author1,1,,,
UALxM4a,UAL,UAL,origin-level,added-in-revision,M4a,access to interoceptive content as content,,INTERPRETED,positive,marker,Embodiment is a hallmark; interoceptive content as content is not separately addressed.,"Birch, Ginsburg & Jablonka 2020; Ginsburg & Jablonka 2019 (The Evolution of the Sensitive Soul, MIT Press)",10.1007/s10539-020-09772-0; 10.7551/mitpress/11006.001.0001,"Part I, seventh hallmark (agency and embodiment), Table 1 (p. 6); no interoceptive statement located",full-text,1,True,,IMPLICIT,,,,,,,author1,1,,,
UALxM4b,UAL,UAL,origin-level,added-in-revision,M4b,visceral modulation of access to exteroceptive content,,NOT_LOCATED,,,No statement located on visceral modulation of access to exteroceptive content.,"Birch, Ginsburg & Jablonka 2020",10.1007/s10539-020-09772-0,no statement located,full-text,2,True,,NO,,,,,,,author1,1,,,
UALxM4c,UAL,UAL,origin-level,added-in-revision,M4c,conscious involvement in purely autonomic conflict,,NOT_LOCATED,,,No statement located on conscious involvement in purely autonomic conflict.,"Birch, Ginsburg & Jablonka 2020",10.1007/s10539-020-09772-0,no statement located,full-text,2,True,,NO,,,,,,,author1,1,,,
