theory,quantity_id,quantity,code,prediction,citation_label,citation_doi
GNWT,M1,N of simultaneously competing policies,NO,"Ignition is triggered by a single winning representation crossing threshold; the theory quantifies stimulus strength and attention, not the cardinality of the competing set. No published GNWT prediction indexes access to how many policies compete.",Mashour et al. 2020,10.1016/j.neuron.2020.01.026
GNWT,M2,Degree of incompatibility between policies,NO,"Competition for the workspace is assumed but its degree is not a predictor variable; predictions are stated over visibility/threshold, not over conflict magnitude.",Dehaene et al. 2006,10.1016/j.tics.2006.03.007
GNWT,M3,Valence of conscious content,IMPLICIT,Broadcast is content-neutral by construction: any representation that wins gains global availability. Valence can be a workspace content but is not predicted to shift access thresholds.,Mashour et al. 2020,10.1016/j.neuron.2020.01.026
GNWT,M4,Autonomic / interoceptive channel involvement,NO,The workspace is defined over cortical (fronto-parietal) processors; autonomic effectors are not among the consumer systems whose recruitment is predicted.,Mashour et al. 2020,10.1016/j.neuron.2020.01.026
GNWT,M5,Organism-wide coherence (cortical + autonomic),IMPLICIT,"""Global availability"" is organism-wide in spirit, but the operationalisation is cortical ignition and P3b; no joint cortical-autonomic metric is specified.",Dehaene et al. 2006,10.1016/j.tics.2006.03.007
GNWT,M6,Dimensionality of phenomenal space,NO,No prediction about the dimensionality of experienced content; the theory predicts presence/absence of access.,Mashour et al. 2020,10.1016/j.neuron.2020.01.026
GNWT,M7,Precision of metarepresentation,IMPLICIT,Metacognition is argued to be a needed addition to the workspace rather than a quantity the theory itself predicts.,Shea & Frith 2019,10.1016/j.tics.2019.04.007
GNWT,M8,Cortical signature of access,YES,"Late (~250-400 ms) non-linear ignition of a fronto-parietal network, P3b, sustained prefrontal activity; tested and partly falsified at stimulus offset by the adversarial collaboration.",Cogitate Consortium et al. 2025,10.1038/s41586-025-08888-1
IIT (3.0/4.0),M1,N of simultaneously competing policies,NO,phi is computed on the cause-effect structure of a substrate in a state; the number of competing action policies is not a term in the formalism.,Albantakis et al. 2023,10.1371/journal.pcbi.1011465
IIT (3.0/4.0),M2,Degree of incompatibility between policies,NO,"Exclusion/integration postulates concern partitions of the substrate, not incompatibility of behavioural options.",Albantakis et al. 2023,10.1371/journal.pcbi.1011465
IIT (3.0/4.0),M3,Valence of conscious content,NO,IIT 4.0 explicitly lists affect among candidate properties of experience that are NOT essential — experiences lacking it are held to be conceivable and achievable; valence is therefore excluded from the axioms.,Albantakis et al. 2023,10.1371/journal.pcbi.1011465
IIT (3.0/4.0),M4,Autonomic / interoceptive channel involvement,NO,Substrate is defined by intrinsic cause-effect power; visceral channels have no privileged status.,Albantakis et al. 2023,10.1371/journal.pcbi.1011465
IIT (3.0/4.0),M5,Organism-wide coherence (cortical + autonomic),NO,No organism-wide coherence prediction; the main complex may be a cortical subset.,Albantakis et al. 2023,10.1371/journal.pcbi.1011465
IIT (3.0/4.0),M6,Dimensionality of phenomenal space,YES,"The quality of experience is identified with the structure of distinctions and relations unfolded from the substrate — a formal claim about the geometry, hence dimensionality, of phenomenal space.",Albantakis et al. 2023,10.1371/journal.pcbi.1011465
IIT (3.0/4.0),M7,Precision of metarepresentation,NO,Metacognitive accuracy is not a theoretical quantity; report is not required for phi.,Albantakis et al. 2023,10.1371/journal.pcbi.1011465
IIT (3.0/4.0),M8,Cortical signature of access,YES,"Sustained posterior synchronisation within a posterior ""hot zone"" for the duration of the percept; tested and challenged by the adversarial collaboration.",Cogitate Consortium et al. 2025,10.1038/s41586-025-08888-1
Recurrent processing (RPT),M1,N of simultaneously competing policies,NO,Phenomenality is fixed by local recurrent interaction in sensory cortex; no term for competing policies.,Lamme 2006,10.1016/j.tics.2006.09.001
Recurrent processing (RPT),M2,Degree of incompatibility between policies,NO,No prediction over conflict magnitude.,Lamme 2006,10.1016/j.tics.2006.09.001
Recurrent processing (RPT),M3,Valence of conscious content,NO,"Recurrence is specified over feedforward/feedback sensory sweeps, indifferent to content valence.",Lamme & Roelfsema 2000,10.1016/s0166-2236(00)01657-x
Recurrent processing (RPT),M4,Autonomic / interoceptive channel involvement,NO,Theory is formulated for sensory (chiefly visual) cortex.,Lamme 2006,10.1016/j.tics.2006.09.001
Recurrent processing (RPT),M5,Organism-wide coherence (cortical + autonomic),NO,Explicitly denies that global availability is required for phenomenality.,Lamme 2006,10.1016/j.tics.2006.09.001
Recurrent processing (RPT),M6,Dimensionality of phenomenal space,NO,No dimensionality claim.,Lamme 2006,10.1016/j.tics.2006.09.001
Recurrent processing (RPT),M7,Precision of metarepresentation,NO,Report and metacognition are downstream of phenomenality by design.,Lamme 2006,10.1016/j.tics.2006.09.001
Recurrent processing (RPT),M8,Cortical signature of access,YES,"Local recurrent processing in sensory areas, ~100-200 ms; dissociable from the late global signature.",Lamme & Roelfsema 2000,10.1016/s0166-2236(00)01657-x
HOT / HOSS,M1,N of simultaneously competing policies,NO,"Higher-order state space is defined over perceptual generative models, not over action policies.",Fleming 2020,10.1093/nc/niz020
HOT / HOSS,M2,Degree of incompatibility between policies,NO,No conflict-magnitude term.,Fleming 2020,10.1093/nc/niz020
HOT / HOSS,M3,Valence of conscious content,IMPLICIT,"Higher-order theory has been extended to emotional consciousness, but the extension asserts a common higher-order mechanism rather than predicting differential access thresholds for valenced content.",LeDoux & Brown 2017,10.1073/pnas.1619316114
HOT / HOSS,M4,Autonomic / interoceptive channel involvement,IMPLICIT,"LeDoux and Brown route bodily/survival-circuit signals into higher-order representation, without quantitative predictions on autonomic recruitment.",LeDoux & Brown 2017,10.1073/pnas.1619316114
HOT / HOSS,M5,Organism-wide coherence (cortical + autonomic),NO,Awareness is local and prefrontal; no organism-wide coherence claim.,Fleming 2020,10.1093/nc/niz020
HOT / HOSS,M6,Dimensionality of phenomenal space,YES,HOSS makes the sharp claim that the awareness state is low-dimensional — a 1D continuum from absent to present — nested asymmetrically above a high-dimensional perceptual space.,Fleming 2020,10.1093/nc/niz020
HOT / HOSS,M7,Precision of metarepresentation,YES,"Core measurable: metacognitive sensitivity/efficiency (meta-d prime), calibration of confidence, and its dissociation from first-order performance.",Maniscalco & Lau 2012,10.1016/j.concog.2011.09.021
HOT / HOSS,M8,Cortical signature of access,YES,Prefrontal involvement in awareness reports; global ignition reproduced as a consequence of asymmetric state-space inference.,Fleming 2020,10.1093/nc/niz020
AST,M1,N of simultaneously competing policies,NO,Awareness is a schematic model of attention; competing policies are not represented.,Graziano & Webb 2015,10.3389/fpsyg.2015.00500
AST,M2,Degree of incompatibility between policies,NO,No conflict term.,Graziano & Webb 2015,10.3389/fpsyg.2015.00500
AST,M3,Valence of conscious content,NO,"The attention schema models attentional state, not valence.",Graziano & Webb 2015,10.3389/fpsyg.2015.00500
AST,M4,Autonomic / interoceptive channel involvement,NO,"Formulated over attentional and body schemas, not visceral regulation.",Graziano & Webb 2015,10.3389/fpsyg.2015.00500
AST,M5,Organism-wide coherence (cortical + autonomic),NO,No organism-wide coherence prediction.,Graziano & Webb 2015,10.3389/fpsyg.2015.00500
AST,M6,Dimensionality of phenomenal space,IMPLICIT,"The schema is explicitly simplified and non-physical, implying low dimensionality, but no dimensionality is measured or predicted.",Graziano & Webb 2015,10.3389/fpsyg.2015.00500
AST,M7,Precision of metarepresentation,IMPLICIT,Predicts systematic inaccuracy of the schema; accuracy of introspection is a consequence rather than a quantified predictor.,Wilterson et al. 2020,10.1016/j.pneurobio.2020.101844
AST,M8,Cortical signature of access,YES,Temporo-parietal junction and superior temporal sulcus as substrate of the attention schema; causal manipulations predicted to disrupt awareness.,Wilterson et al. 2020,10.1016/j.pneurobio.2020.101844
Predictive processing / beast machine,M1,N of simultaneously competing policies,NO,Precision-weighted prediction error is the currency; policy cardinality is not a predictor of access.,Clark 2013,10.1017/s0140525x12000477
Predictive processing / beast machine,M2,Degree of incompatibility between policies,IMPLICIT,"Policy selection appears as active inference over competing policies, but the consciousness-relevant predictions are about inference, not about how many policies compete.","Pezzulo, Rigoli & Friston 2018",10.1016/j.tics.2018.01.009
Predictive processing / beast machine,M3,Valence of conscious content,YES,"Valence is derived: emotion is interoceptive inference, and valence has been formally linked to the rate of change of free energy.",Joffily & Coricelli 2013,10.1371/journal.pcbi.1003094
Predictive processing / beast machine,M4,Autonomic / interoceptive channel involvement,YES,"Central and distinctive: interoceptive and autonomic channels are the substrate of emotion and embodied selfhood, with allostatic regulation as the control objective.",Seth & Friston 2016,10.1098/rstb.2016.0007
Predictive processing / beast machine,M5,Organism-wide coherence (cortical + autonomic),IMPLICIT,"Allostasis is organism-wide and a large-scale interoceptive-allostatic system has been identified, but no joint cortical-autonomic metric is proposed as a criterion of conscious access.",Kleckner et al. 2017,10.1038/s41562-017-0069
Predictive processing / beast machine,M6,Dimensionality of phenomenal space,IMPLICIT,Experience as compressed inference implies dimensionality reduction; no quantitative prediction of phenomenal dimensionality.,Seth & Tsakiris 2018,10.1016/j.tics.2018.08.008
Predictive processing / beast machine,M7,Precision of metarepresentation,YES,"Precision (inverse variance) is the theory's own control parameter, and interoceptive accuracy is dissociated from interoceptive awareness/sensibility.",Garfinkel et al. 2015,10.1016/j.biopsycho.2014.11.004
Predictive processing / beast machine,M8,Cortical signature of access,IMPLICIT,Offers a systematic basis for identifying neural correlates but does not commit to a single cortical access signature.,Hohwy & Seth 2020,10.33735/phimisci.2020.ii.64
SIT / passive frame theory,M1,N of simultaneously competing policies,YES,PRISM: consciousness is required when multiple heterogeneous systems send simultaneous inclinations to the skeletomotor output system — the number of concurrent inclinations is the theory's own trigger variable.,Morsella et al. 2015,10.1017/s0140525x15000643
SIT / passive frame theory,M2,Degree of incompatibility between policies,YES,Directly measured: merely sustaining incompatible skeletomotor intentions in a motionless state produces stronger subjective effects than compatible intentions.,"Morsella, Gray & Krieger 2009",10.1037/a0017121
SIT / passive frame theory,M3,Valence of conscious content,IMPLICIT,"Conscious conflict is described as having affective consequences and is linked to failures of self-control, but valence of content is not itself a predictor of access.","Morsella, Gray & Krieger 2009",10.1037/a0017121
SIT / passive frame theory,M4,Autonomic / interoceptive channel involvement,YES (negative),"A sharp, testable negative: conflicts in smooth-muscle effectors (pupillary reflex) produce no comparable change in conscious experience; the conscious field serves the somatic nervous system only.",Morsella et al. 2015,10.1017/s0140525x15000643
SIT / passive frame theory,M5,Organism-wide coherence (cortical + autonomic),NO,Consciousness is a frame for skeletal muscle output; no organism-wide coherence including autonomic channels.,Morsella et al. 2015,10.1017/s0140525x15000643
SIT / passive frame theory,M6,Dimensionality of phenomenal space,NO,No dimensionality prediction.,Morsella et al. 2015,10.1017/s0140525x15000643
SIT / passive frame theory,M7,Precision of metarepresentation,NO,The frame is passive; metarepresentational precision plays no role.,Morsella et al. 2015,10.1017/s0140525x15000643
SIT / passive frame theory,M8,Cortical signature of access,IMPLICIT,Names candidate substrates for the conscious field but does not stake a discriminating cortical access signature.,Morsella et al. 2015,10.1017/s0140525x15000643
UAL,M1,N of simultaneously competing policies,NO,"The transition marker is a learning capacity, not an arbitration load.","Birch, Ginsburg & Jablonka 2020",10.1007/s10539-020-09772-0
UAL,M2,Degree of incompatibility between policies,NO,No incompatibility term.,"Birch, Ginsburg & Jablonka 2020",10.1007/s10539-020-09772-0
UAL,M3,Valence of conscious content,YES,Valence is one of the constitutive hallmarks of the UAL profile: learning must be reinforceable by positive and negative evaluation of stimuli.,"Birch, Ginsburg & Jablonka 2020",10.1007/s10539-020-09772-0
UAL,M4,Autonomic / interoceptive channel involvement,IMPLICIT,Embodiment and global accessibility are hallmarks; visceral channels are not separately predicted.,"Birch, Ginsburg & Jablonka 2020",10.1007/s10539-020-09772-0
UAL,M5,Organism-wide coherence (cortical + autonomic),IMPLICIT,"""Global accessibility"" and integration across the organism are hallmarks, but not operationalised as a joint cortical-autonomic measurement.","Birch, Ginsburg & Jablonka 2020",10.1007/s10539-020-09772-0
UAL,M6,Dimensionality of phenomenal space,NO,No dimensionality prediction.,"Birch, Ginsburg & Jablonka 2020",10.1007/s10539-020-09772-0
UAL,M7,Precision of metarepresentation,NO,No metacognitive-precision prediction.,"Birch, Ginsburg & Jablonka 2020",10.1007/s10539-020-09772-0
UAL,M8,Cortical signature of access,NO,Deliberately substrate-neutral and comparative; no cortical signature.,"Birch, Ginsburg & Jablonka 2020",10.1007/s10539-020-09772-0
Feinberg & Mallatt,M1,N of simultaneously competing policies,NO,"The threshold is the appearance of isomorphic neural maps of one body/world, not arbitration load.",Feinberg & Mallatt 2013,10.3389/fpsyg.2013.00667
Feinberg & Mallatt,M2,Degree of incompatibility between policies,NO,No incompatibility term.,Feinberg & Mallatt 2013,10.3389/fpsyg.2013.00667
Feinberg & Mallatt,M3,Valence of conscious content,YES,"Affective consciousness is treated as a distinct and possibly earlier kind than exteroceptive image-based consciousness, with nociceptive/valenced states as its content.",Feinberg & Mallatt 2013,10.3389/fpsyg.2013.00667
Feinberg & Mallatt,M4,Autonomic / interoceptive channel involvement,YES,Interoceptive and nociceptive channels are constitutive of affective consciousness in their scheme.,Feinberg & Mallatt 2013,10.3389/fpsyg.2013.00667
Feinberg & Mallatt,M5,Organism-wide coherence (cortical + autonomic),IMPLICIT,Emphasises unified representation of one body but proposes no organism-wide coherence measure.,Feinberg & Mallatt 2013,10.3389/fpsyg.2013.00667
Feinberg & Mallatt,M6,Dimensionality of phenomenal space,NO,No dimensionality prediction.,Feinberg & Mallatt 2013,10.3389/fpsyg.2013.00667
Feinberg & Mallatt,M7,Precision of metarepresentation,NO,No metacognitive-precision prediction.,Feinberg & Mallatt 2013,10.3389/fpsyg.2013.00667
Feinberg & Mallatt,M8,Cortical signature of access,IMPLICIT,"Names neuroanatomical prerequisites (hierarchical maps, reciprocal connectivity) rather than an access signature in humans.",Feinberg & Mallatt 2013,10.3389/fpsyg.2013.00667
